Country Name,Country Code,Series Name,Series Code,2000 [YR2000],2001 [YR2001],2002 [YR2002],2003 [YR2003],2004 [YR2004],2005 [YR2005],2006 [YR2006],2007 [YR2007],2008 [YR2008],2009 [YR2009],2010 [YR2010],2011 [YR2011],2012 [YR2012],2013 [YR2013],2014 [YR2014],2015 [YR2015],2016 [YR2016],2017 [YR2017],2018 [YR2018],2019 [YR2019],2020 [YR2020],2021 [YR2021],2022 [YR2022],2023 [YR2023],2024 [YR2024],2025 [YR2025]
Afghanistan,AFG,"Population, total",SP.POP.TOTL,20130327,20284307,21378117,22733049,23560654,24404567,25424094,25909852,26482622,27466101,28284089,29347708,30560034,31622704,32792523,33831764,34700612,35688935,36743039,37856121,39068979,40000412,40578842,41454761,42647492,43844111
Afghanistan,AFG,"GNI, PPP (current international $)",NY.GNP.MKTP.PP.CD,15864189721.7541,15224554096.6723,20123047323.9537,22278932459.8335,23184760643.2096,26587457905.2075,29047794273.4873,33788985658.8879,35313783776.8727,43009573651.5262,50028298434.7102,51116377179.4871,60931092223.9816,67669597049.6616,73169249312.8305,77739868999.5339,77790300893.8725,84288052074.0782,90563706789.4257,99263716985.9417,100842500976.582,86285361406.7876,86390860386.6555,91785604089.2035,95777311957.0149,..
Albania,ALB,"Population, total",SP.POP.TOTL,3089027,3060173,3051010,3039616,3026939,3011487,2992547,2970017,2947314,2927519,2913021,2905195,2860708,2816902,2773767,2731293,2689469,2648285,2607733,2567801,2528480,2489762,2451636,2411658,2377128,2349580
Albania,ALB,"GNI, PPP (current international $)",NY.GNP.MKTP.PP.CD,12646245987.9846,14042083060.5684,15124887062.2764,16120057147.5647,17322255555.9567,18467464907.8968,20787510495.8572,23130407650.4765,25083488950.6145,26024009008.3592,28135098512.0321,29855395065.3598,30121295248.203,31180783009.3242,32994925406.7245,34229964839.0322,35677556946.1048,37458817986.7081,39215945527.7411,41673142612.5849,40507857600.1072,44716889223.2177,53331216101.2034,59163175573.7554,62983719349.186,66180593569.155
Algeria,DZA,"Population, total",SP.POP.TOTL,30903893,31331221,31750835,32175818,32628286,33109249,33623506,34189416,34816961,35490445,36188236,36903376,37646166,38414171,39205031,40019529,40850721,41689299,42505035,43294546,44042091,44761099,45477389,46164219,46814308,47435312
Algeria,DZA,"GNI, PPP (current international $)",NY.GNP.MKTP.PP.CD,270969277248.438,290980239996.101,308647302999.039,335974932266.294,358731640787.695,388091365329.823,414635348538.446,449937338158.161,472556861555.812,480773540054.85,513685333401.144,535948921230.911,538443804097.457,543013544899.97,565280032550.007,541233810012.029,545393972006.106,556023170169.916,570984006976.819,589311312706.742,549034369411.233,636203327641.136,703281061758.231,766089120032.63,810478199033.9,864985687661.687
American Samoa,ASM,"Population, total",SP.POP.TOTL,56855,57053,57062,56971,56818,56617,56374,56113,55828,55528,55228,54895,54489,54006,53466,52878,52245,51586,50908,50209,49761,49225,48342,47521,46765,46029
American Samoa,ASM,"GNI, PPP (current international $)",NY.GNP.MKTP.PP.CD,..,..,..,..,..,..,..,..,..,..,..,..,..,..,..,..,..,..,..,..,..,..,..,..,..,..
Andorra,AND,"Population, total",SP.POP.TOTL,65685,65852,66506,69486,74325,77421,79585,81877,83495,83888,80706,77783,76834,75194,73737,72174,72181,73763,75162,76474,77380,78364,79705,80856,81938,82904
Andorra,AND,"GNI, PPP (current international $)",NY.GNP.MKTP.PP.CD,..,..,..,..,..,..,..,..,..,..,..,..,..,..,..,..,..,..,..,4823305038.27554,4557689143.53922,5001807986.47795,5691345967.53543,6008379253.99836,6272341250.55784,6710953287.24858
Angola,AGO,"Population, total",SP.POP.TOTL,16194869,16747208,17327699,17943712,18600423,19291161,20015279,20778561,21578655,22414773,23294825,24218352,25177394,26165620,27160769,28157798,29183070,30234839,31297155,32375632,33451132,34532429,35635029,36749906,37885849,39040039
Angola,AGO,"GNI, PPP (current international $)",NY.GNP.MKTP.PP.CD,51820795908.1162,55648991185.0688,66552286871.4099,70973900704.1488,80557416842.2953,94300618182.7296,107761740608.6,125252544715.749,135941085829.255,148475342694.769,158040244973.52,168448555819.229,192550897776.749,208188088817.981,231746460173.748,216970007766.842,219620329477.311,232685505666.717,244199505447.271,257095759123.623,240939477746.916,280150352817.315,313150204639.577,324267987235.112,353347667613.699,384088661954.001
Antigua and Barbuda,ATG,"Population, total",SP.POP.TOTL,74912,76069,77032,77884,78719,79611,80604,81704,82912,84173,85320,86332,87260,88064,88765,89409,89969,90468,90926,91364,91846,92349,92840,93316,93772,94209
Antigua and Barbuda,ATG,"GNI, PPP (current international $)",NY.GNP.MKTP.PP.CD,1375709704.25026,1329079567.74332,1368128429.56561,1478877417.53735,1605923056.27003,1779801757.16667,2066837546.15667,2318845766.85522,2369739742.44074,2093679158.41091,1946833331.06057,1942861118.40915,1880345033.99673,1814662010.0448,1838929004.02555,1765944570.33874,1792750662.72916,1841851547.08464,2126474732.96598,2325030290.85835,2055789401.02887,2297406774.06847,2626667834.99878,2852160075.48573,2988412414.69965,3266584803.80798
Argentina,ARG,"Population, total",SP.POP.TOTL,37213984,37624825,38029349,38424282,38815916,39216789,39622115,40016763,40424148,40854831,41288694,41730660,42161721,42582455,43024071,43477012,43900313,44288894,44654882,44973465,45191965,45312281,45407904,45538401,45696159,45851378
Argentina,ARG,"GNI, PPP (current international $)",NY.GNP.MKTP.PP.CD,416594563295.143,406274630478.225,359310912503.635,403199587070.233,418093841973.899,468041504541.361,568762465743.431,641221306525.631,681124430196.395,640800278428.196,711794791153.925,774475577247.848,799850880557.188,830424664582.524,821243666294.275,848959683417.303,863207236895.477,1009263951777.66,1051149861699.34,1016089122555.92,984724060445.269,1167816126453.34,1328427935079.63,1347785772934.49,1363876517009.68,1463737416604.55
Armenia,ARM,"Population, total",SP.POP.TOTL,3221100,3211800,3199800,3182500,3164900,3146400,3127100,3107400,3087100,3066000,3044800,3027900,3024100,3022000,3013800,3004600,2992300,2979400,2969000,2962500,2961500,2962300,2969200,2964300,3033500,3086700
Armenia,ARM,"GNI, PPP (current international $)",NY.GNP.MKTP.PP.CD,8403263968.87403,9409799259.52635,10866154859.5448,12612732340.3335,14428108003.3228,16957992011.8177,19888484243.6603,23374969796.0767,25596039723.4026,21751101568.6493,22672636925.2902,23905121367.1988,28120737961.2501,30326204334.4994,30662966874.8916,30505448341.392,32364395080.3965,37214214838.3669,38848121649.4888,44977629504.2597,42854458169.0708,45809032885.4145,55460453884.6264,62231812924.096,66899216849.6034,74133719241.9873
Aruba,ABW,"Population, total",SP.POP.TOTL,90588,91439,92074,93128,95138,97635,99405,100150,100917,101604,101838,102591,104110,105675,106807,107906,108727,108735,108908,109203,108587,107700,107310,107359,107995,108785
Aruba,ABW,"GNI, PPP (current international $)",NY.GNP.MKTP.PP.CD,2701674799.58229,2830644520.97848,2733006561.53857,2948370456.57481,3225525867.89254,2731404792.88698,3419287359.95165,3239184627.20995,3765110155.05449,3367822204.00598,3238654364.45583,3285948781.36833,3392124836.40284,3565379215.97487,3668200289.0229,3718218375.0853,3748949816.13048,3855184023.57121,3998373340.34386,4017350710.26624,3033689358.85464,3654435009.20572,4323988136.67478,4672131705.0474,5281375775.53751,..
Australia,AUS,"Population, total",SP.POP.TOTL,19028802,19274701,19495210,19720737,19932722,20176844,20450966,20827622,21249199,21691653,22031750,22340024,22733465,23128129,23475686,23815995,24190907,24592588,24963258,25334826,25649248,25685412,26018721,26659922,27194286,27614411
Australia,AUS,"GNI, PPP (current international $)",NY.GNP.MKTP.PP.CD,491328325691.307,518771374745.31,551580632851.724,578222111126.559,616141573623.179,642963332171.287,685881137319.176,730566448130.012,766714016143.896,846366405494.662,836644427166.023,903980140987.868,948029205611.269,1040264027314.89,1077085609598.42,1084090898295.5,1120633918006.06,1161716703224.86,1217594768237.01,1294210119835.29,1356693821737.99,1478371081961.76,1652552720303.64,1841795093415.32,1892782945379.05,1931133720244.5
Austria,AUT,"Population, total",SP.POP.TOTL,8011566,8042293,8081957,8121423,8171966,8227829,8268641,8295487,8321496,8343323,8363404,8391643,8429991,8479823,8546356,8642699,8736668,8797566,8840521,8879920,8916864,8955797,9041851,9131761,9177982,9208163
Austria,AUT,"GNI, PPP (current international $)",NY.GNP.MKTP.PP.CD,232055491446.703,234408024320.852,248692093883.398,258895536301.327,273531920320.758,285526550022.167,309875926078.773,324790066508.22,344438007359.344,339314042050.617,351988651876.12,371930322574.437,389495334591.863,404031208873.377,413711243282.085,423871544404.009,457586709759.297,469431967886.825,495518308655.702,534729904704.117,527584834776.118,573237870479.628,655260899666.056,682759986035.306,694114020530.622,709085569412.516
Azerbaijan,AZE,"Population, total",SP.POP.TOTL,8048600,8111200,8171950,8234100,8306500,8391850,8484550,8581300,8763400,8947243,9054332,9173082,9295784,9416801,9535079,9649341,9757812,9854033,9939771,10024283,10093121,10137750,10141756,10153958,10202830,10246996
Azerbaijan,AZE,"GNI, PPP (current international $)",NY.GNP.MKTP.PP.CD,27183963900.5072,30316808433.9691,33495197055.1136,37507504779.2202,41009698399.214,50964301847.3693,70192094682.1703,87735230037.692,103921781114.014,118049401370.944,127090031186.015,126513330052.276,140261574405.538,154517805868.262,162669717796.334,140815158037.451,133314014398.87,135736345883.151,144624337797.583,160719056708.669,152079420500.551,199651899134.305,213346165360.109,230258402785.015,247709696440.391,260575407641.476
"Bahamas, The",BHS,"Population, total",SP.POP.TOTL,323835,327836,331614,335618,339782,343894,348375,353334,358120,362810,367478,371729,375469,378953,382298,385346,388055,390485,392717,394675,395863,396373,397538,399440,401283,403033
"Bahamas, The",BHS,"GNI, PPP (current international $)",NY.GNP.MKTP.PP.CD,8089146086.01698,8431737655.57253,8822890067.75739,8915774348.6912,9251173728.39828,9836098512.99132,10363467589.2858,10794074563.7156,10905221592.3296,10430905933.9873,10632592911.8243,10916616408.4226,11349292738.5386,11154034469.7569,11653894813.485,11866444683.7289,11942158277.36,12799986877.8703,12933297122.2329,13586093372.1179,10215833721.8813,11585272893.9622,13832118782.3533,14862422497.9755,15895483789.7155,..
Bahrain,BHR,"Population, total",SP.POP.TOTL,637582,661316,710553,764517,823741,888822,960424,1039295,1103496,1178415,1228543,1195020,1208964,1253191,1314562,1370322,1423726,1501116,1503091,1483756,1472204,1504365,1524693,1577059,1588670,1600366
Bahrain,BHR,"GNI, PPP (current international $)",NY.GNP.MKTP.PP.CD,28410780852.1151,29433749210.0157,30286711837.217,33183729043.0794,36485618759.1139,40928200145.8357,45150320463.6731,50581652763.8288,53544033949.0758,51306180431.6932,55154566531.015,55029117258.6701,66402419646.2032,68072823971.4905,68027917039.8448,62309169626.4093,63947711232.7998,71304134632.3664,74049989421.4865,79286106672.1106,73270788848.9241,77554670107.9553,90052232484.5139,95567695811.8499,99302019590.5394,104826011607.746
Bangladesh,BGD,"Population, total",SP.POP.TOTL,134544304,136805810,138933658,140970351,142902856,144715786,146405973,147989278,149474264,150873714,152201981,153591076,155070101,156532141,157964929,159383179,160811932,162186147,163523103,164913055,166298024,167658854,169384897,171466990,173562364,175686899
Bangladesh,BGD,"GNI, PPP (current international $)",NY.GNP.MKTP.PP.CD,208928912191.219,224096107345.625,238141390323.557,254435833608.358,275623066082.569,303102046599.466,336538646783.755,372342159940.509,406422852454.547,430340508060.091,460458409314.827,499623842867.126,570177672917.888,616569261196.949,662428199724.602,707741905118.267,770879103187.534,819232336678.198,933669359748.506,1038098559456.84,1150025815983.89,1313226689114.99,1487866595373.18,1632489955134.83,1748952862706.05,1881819245565.33
Barbados,BRB,"Population, total",SP.POP.TOTL,262063,262425,264148,265776,267298,268706,270002,271288,272714,274123,275243,276139,276938,277665,278348,278990,279598,280171,280711,281207,281698,282147,282318,282336,282467,282623
Barbados,BRB,"GNI, PPP (current international $)",NY.GNP.MKTP.PP.CD,4241734179.14438,4218350741.44215,4309230217.19043,4477383535.35394,4692257641.43797,4982529089.79311,5381502480.67468,5738203163.16014,5832482926.79825,5614133123.13161,5292290833.43257,5213779213.89919,5007805599.19118,5096527706.30672,5053248053.03198,5153920100.18169,5156420024.09512,5111364299.72257,5328859930.7735,5377100067.6089,4602544378.07279,4909522833.96751,6049375062.79465,6293531992.98564,6674990685.07287,7019871166.68219
Belarus,BLR,"Population, total",SP.POP.TOTL,9979610,9928549,9865548,9796749,9730146,9663915,9604924,9560953,9527985,9504583,9483836,9461643,9446836,9443211,9448515,9461076,9469379,9458989,9438785,9419758,9379952,9302585,9228071,9178298,9132629,9085991
Belarus,BLR,"GNI, PPP (current international $)",NY.GNP.MKTP.PP.CD,57599290416.0311,61718401367.6187,65934629632.0452,72222673990.9058,82473657569.9329,93301104731.3984,105274373752.277,116721969822.932,130591011985.424,130469050515.513,142518283301.088,154983303603.245,167296412997.24,173248520791.098,174483588700.132,164291065067.72,160900350090.374,167632916104.313,182188717864.165,203844984018.9,223810524831.542,247425875072.912,251296743196.831,274060034693.252,296640885197.887,311698257299.916
Belgium,BEL,"Population, total",SP.POP.TOTL,10251250,10286570,10332785,10376133,10421137,10478617,10547958,10625700,10709973,10796493,10895586,11038264,11106932,11159407,11209057,11274196,11331422,11375158,11427054,11488980,11538604,11586195,11680210,11779946,11858610,11941781
Belgium,BEL,"GNI, PPP (current international $)",NY.GNP.MKTP.PP.CD,292266786099.686,301726910195.516,318307798007.558,327068420043.462,338737534049.211,352001708926.337,377178170324.348,396445518123.454,415597849908.875,417265314961.186,440693705859.156,455990965379.71,482514593066.606,500742651017.284,516329881756.63,526734566836.417,553524342166.756,576768682136.162,605596243249.344,657061802150.491,653343852324.534,711987926369.19,814846888862.473,871593509849.801,895090360761.509,903019877929.662
Belize,BLZ,"Population, total",SP.POP.TOTL,240799,248379,256009,263780,271688,279731,287878,296100,304361,312614,320245,327298,334414,341627,348923,356333,364705,373202,380226,385829,390812,395346,402733,411106,417072,422924
Belize,BLZ,"GNI, PPP (current international $)",NY.GNP.MKTP.PP.CD,1732094182.7027,1838613578.76438,1974171092.6048,2174704695.44198,2302311800.13131,2442453657.96227,2628062328.92224,2745826868.1504,2747561071.15033,2877800766.68227,2874491200.69878,3013114578.44911,2916170861.74613,3063622805.0429,3097854784.97886,3250889704.55657,3258275977.10252,3215706845.78815,3364275231.79146,3773015618.41585,3659105685.0266,4483369534.50277,5165384405.5909,5443323507.23995,5749188627.34731,6016285252.00403
Benin,BEN,"Population, total",SP.POP.TOTL,7221619,7445596,7675426,7913070,8159094,8426144,8693242,8953969,9228466,9509423,9797484,10093623,10397657,10708834,11030004,11360681,11697842,12039780,12383347,12726755,13070169,13413417,13759501,14111034,14462724,14814460
Benin,BEN,"GNI, PPP (current international $)",NY.GNP.MKTP.PP.CD,12027736615.1565,12948150112.9669,13721745615.5879,14468723523.2004,15533914339.1116,16349258967.9817,17490099398.3226,19007959449.6442,20420580872.0428,20975883270.0141,21631499482.8675,22827323680.6371,24247664236.3808,26748581226.6548,29319572569.4586,30783169849.1756,33139256276.3922,34658579239.9593,36578611942.2762,39879141291.5087,42079218680.0485,45970615342.8682,52504741798.73,57790946165.9377,63602230678.5824,70545861890.2721
Bermuda,BMU,"Population, total",SP.POP.TOTL,61550,61867,62142,62386,62555,62711,62834,63010,63300,63565,63725,63733,63646,63574,63529,63464,63449,63578,63831,64107,64382,64648,64749,64698,64636,64555
Bermuda,BMU,"GNI, PPP (current international $)",NY.GNP.MKTP.PP.CD,..,..,..,..,..,..,..,..,..,..,4701578067.71821,4635082852.05734,4596631368.50352,4756765522.24698,4747225573.39698,4992912409.27508,5246908291.18516,5670866795.2919,5666125729.75487,5912156946.15505,5643535681.09944,6223155948.2541,7163157626.99526,7506376872.93819,7920114074.40936,..
Bhutan,BTN,"Population, total",SP.POP.TOTL,596863,610794,624409,637663,650544,661865,670799,678641,686351,693988,701632,709377,717279,725273,733139,740618,747866,754335,759759,764824,770006,775442,780914,786385,791524,796682
Bhutan,BTN,"GNI, PPP (current international $)",NY.GNP.MKTP.PP.CD,1856062353.31879,2038156361.48625,2254204844.95379,2460686479.30123,2655627508.93219,2953603559.29571,3247957428.00984,3834926032.09621,4035330839.58354,4316930870.34871,4822146567.52884,5305026900.68185,5709319649.78541,5886692412.62954,6393664243.92203,7070877308.08089,7767567930.1109,8085241618.79008,8318863681.76297,9044743247.8753,9047496314.57885,9846215602.05732,11150665876.993,12057760146.6572,13258264270.3956,14756303126.4518
Bolivia,BOL,"Population, total",SP.POP.TOTL,8606326,8752736,8900355,9050700,9204287,9360754,9521689,9685960,9850858,10016275,10182345,10348929,10515807,10682608,10848888,11014705,11180020,11344587,11508368,11671386,11816299,11937360,12077154,12244159,12413315,12581843
Bolivia,BOL,"GNI, PPP (current international $)",NY.GNP.MKTP.PP.CD,34621801144.5399,36025102638.1886,37495611783.2108,38897327324.3806,41382277779.6893,44734395136.8333,48518672414.7722,51993164429.2158,56496709895.8443,58423754636.6045,61242678457.2845,65987849940.9449,71832377952.956,81814667819.1113,89680150139.0093,93768678157.1415,101782354815.648,115375176042.743,121289985573.196,126255050366.233,112094510633.637,130907913304.554,144918837853.466,154161008091.406,156743108183.863,157701450300.292
Bosnia and Herzegovina,BIH,"Population, total",SP.POP.TOTL,4159771,4179438,4188002,4178523,4140987,4096493,4063272,4013424,3947544,3879794,3811472,3741798,3670113,3610859,3564829,3518541,3473003,3428682,3387000,3345533,3299349,3244907,3204802,3185073,3164253,3140095
Bosnia and Herzegovina,BIH,"GNI, PPP (current international $)",NY.GNP.MKTP.PP.CD,19084004676.6136,19651407700.7947,21010880631.2981,21835988371.6447,23504428585.388,25415378579.488,28761021298.6695,31764257230.4804,35149359939.0898,35046610754.7135,35193996545.4683,36819304857.5962,37436087201.9046,39546948511.825,40137123098.0447,41959572394.9239,44859877120.8705,46336062059.5405,50037297303.1374,54870193962.005,53710957685.0647,58581879592.9923,68477521360.418,74094501960.8895,79416476541.4332,81059706640.8268
Botswana,BWA,"Population, total",SP.POP.TOTL,1677382,1712254,1744763,1775736,1807146,1839877,1874516,1911201,1949970,1990673,2033111,2073535,2108617,2140682,2172044,2203273,2234776,2266747,2299141,2332083,2365894,2401441,2439892,2480244,2521139,2562122
Botswana,BWA,"GNI, PPP (current international $)",NY.GNP.MKTP.PP.CD,14756061894.1381,15717294220.2121,15094421276.6971,16731343636.2361,17409474153.951,19268864427.2971,22231647213.2978,24701380859.0707,25588389668.5222,23057829553.8115,24923491103.1991,28096541037.8299,26440631024.6661,27829355670.35,31594338717.099,30117036360.3655,33163187465.3871,32569558815.7126,32918171744.0773,35270595740.6781,36237773355.9941,42716840969.1419,45537360036.0257,50873472093.0954,51087321005.6905,51136646869.1788
Brazil,BRA,"Population, total",SP.POP.TOTL,174018282,176301203,178503484,180622688,182675143,184688101,186653106,188552320,190367302,192079951,193701929,195284734,196876111,198478299,200085127,201675532,203218114,204703445,206107261,207455459,208660842,209550294,210306415,211140729,211998573,212812405
Brazil,BRA,"GNI, PPP (current international $)",NY.GNP.MKTP.PP.CD,1536571396346.23,1586988046023.08,1659007167048.92,1714272367600.66,1865979623674.77,1987414876953.63,2138389134711.26,2338676737850.6,2496774336090.09,2515168077456.35,2712853462121.3,2894294561120.02,2917485069830.25,3077181547208.26,3107797557672.48,2932875378900.44,2846197824931.42,2924570810575.36,3098565570875.8,3244270827520.15,3289682051766.51,3669595464515.07,4058419236307.8,4332735394646.67,4584245447846.94,4824646757439.01
British Virgin Islands,VGB,"Population, total",SP.POP.TOTL,20241,20796,21430,22134,22881,23665,24493,25366,26288,27218,27675,28710,30345,31703,32962,34498,33878,32699,34657,36395,37135,37809,38319,38985,39471,39732
British Virgin Islands,VGB,"GNI, PPP (current international $)",NY.GNP.MKTP.PP.CD,..,..,..,..,..,..,..,..,..,..,..,..,..,..,..,..,..,..,..,..,..,..,..,..,..,..
Brunei Darussalam,BRN,"Population, total",SP.POP.TOTL,326424,333345,340099,346637,352911,358916,364663,370873,377793,384952,392332,399389,405557,411202,416750,422212,427564,432772,437810,442680,447404,451721,455370,458949,462721,466330
Brunei Darussalam,BRN,"GNI, PPP (current international $)",NY.GNP.MKTP.PP.CD,23857328633.4596,24752160223.4726,26132586739.0464,27603457286.3453,28375370607.785,29263918712.1849,31402712496.4994,31183790836.8813,30507585985.0515,30141006408.9745,30978818572.2958,32155329234.668,34538026371.4985,33848408524.4879,33820608624.7944,27808119557.8452,26009280715.0338,28268746239.4542,28699081628.7526,31524538109.2571,32164200811.1156,35572916562.847,36418906120.0353,39559751319.3154,42981451266.7535,44497868290.2928
Bulgaria,BGR,"Population, total",SP.POP.TOTL,8170172,8009142,7837161,7775327,7716860,7658972,7601022,7545338,7492561,7444443,7395599,7348328,7305888,7160005,7073572,6984225,6894139,6803468,6710798,6616726,6550696,6507301,6465097,6446596,6441421,6433302
Bulgaria,BGR,"GNI, PPP (current international $)",NY.GNP.MKTP.PP.CD,51202532739.1311,55840896750.1904,62298381221.7155,66500602389.5404,71824710641.0707,79038060912.5966,84543881263.8215,89677075739.4725,102380685433.928,102239654396.739,107633335253.374,111262217794.367,116311698993.065,116412862654.533,124764914673.289,126213905716.486,135806069079.221,144947466826.383,155209059182.035,171595680899.069,172694545853.831,193414645687.946,222100467847.818,238045008207.502,256676035775.057,271313843619.209
Burkina Faso,BFA,"Population, total",SP.POP.TOTL,11925546,12295001,12680897,13082532,13500533,13932123,14373707,14816307,15258093,15710066,16176498,16661908,17172287,17695409,18229461,18777487,19334856,19894407,20438288,20961952,21478690,21995243,22509038,23025776,23548781,24074580
Burkina Faso,BFA,"GNI, PPP (current international $)",NY.GNP.MKTP.PP.CD,10677475199.1735,11610543580.5306,12234073018.6095,13421047462.2685,14445743187.7439,16155057438.9461,17830162366.3617,19064105717.8201,20539035606.5713,21095292394.294,22745987553.5524,24485121959.0513,26309756409.365,28285423291.7266,28969717707.3022,30316565398.2552,34762910787.0786,39106923342.4676,41036118953.7406,44729069839.1331,49348669869.3869,51487330286.7921,55673254916.2475,60231960863.3707,64304763048.6872,69602173980.2928
Burundi,BDI,"Population, total",SP.POP.TOTL,6470194,6634365,6824132,7043154,7310656,7587299,7865547,8161874,8505637,8947646,9376444,9717978,10071028,10439341,10799785,11047580,11239451,11506762,11859446,12255336,12617036,12965481,13321097,13689450,14047786,14390003
Burundi,BDI,"GNI, PPP (current international $)",NY.GNP.MKTP.PP.CD,3414755726.19064,3456583099.00438,3656968572.30841,3660207637.55778,3912003019.38116,4129329256.20532,4528118413.32633,4823538811.89709,5166464156.2308,5357907355.08057,5723510904.11493,6061567691.6028,6399794148.18277,7180923089.76616,7782093677.51351,7977727571.73748,8585942173.20765,9106111071.34737,9653300445.26528,10531684283.1023,11860448320.1509,13278592667.4493,14585608927.8594,15625748661.561,16720609383.2286,17916577799.9223
Cabo Verde,CPV,"Population, total",SP.POP.TOTL,453317,460293,467046,473383,479370,485115,490728,496190,501355,506141,509784,511447,511955,512225,512326,512394,512554,512893,513415,514104,514679,516649,519741,522331,524877,527326
Cabo Verde,CPV,"GNI, PPP (current international $)",NY.GNP.MKTP.PP.CD,1384829481.12181,1466974853.33382,1550471108.61359,1655551282.85277,1870442439.99783,2035635400.75889,2254054232.37288,2709631230.44186,2941198955.68161,2917225097.84611,2954975811.93231,3148523869.00776,3108466201.68503,3157630152.5317,3138366363.25717,3353556950.78495,3646587315.33736,3945740453.85099,3978218736.62249,4361122121.62996,3452484169.10908,3915787357.05603,4865389277.02956,5286364708.65588,5770627057.64528,6331961373.88148
Cambodia,KHM,"Population, total",SP.POP.TOTL,12462336,12658484,12855241,13050968,13244731,13439202,13639028,13841770,14053479,14276810,14500726,14722584,14945085,15170208,15396772,15623251,15852803,16073372,16274522,16481304,16725474,16974305,17201724,17423880,17638801,17847982
Cambodia,KHM,"GNI, PPP (current international $)",NY.GNP.MKTP.PP.CD,15139347777.0127,16597022247.9735,17770452404.3663,20123061568.0788,22587080172.0587,26277290812.4788,30130189430.8338,34378783735.8253,37550513253.324,39277753147.7522,42082367114.3769,45875102217.4422,51515144944.1022,56567682908.7456,60722170556.6183,66413459481.5851,72297997974.0618,78018882396.9924,87757434759.134,96878698006.2129,96233903990.4942,101394689550.731,114383756001.936,126664711937.815,139697229762.705,149782493131.026
Cameroon,CMR,"Population, total",SP.POP.TOTL,14912631,15309490,15725528,16160340,16610487,17074594,17550407,18049896,18574056,19113974,19668066,20232304,20809529,21402376,22059893,22763414,23454161,24128601,24806383,25506095,26210558,26915758,27632771,28372687,29123744,29879337
Cameroon,CMR,"GNI, PPP (current international $)",NY.GNP.MKTP.PP.CD,29672863373.0829,31408863194.7047,33650313820.3889,37007036671.4263,41167057129.7386,43242795368.2767,46891301708.0939,49794688563.6031,52518810810.2531,54803332748.9591,56761054668.4595,59872437223.2221,62730540299.587,68054890189.4943,74076522623.9515,78538750618.6809,83664911616.3662,89235394974.8846,97651753918.3907,105876092300.995,112063496623.243,126927699702.63,139790168546.474,150593434524.654,159625472359.502,170234402878.878
Canada,CAN,"Population, total",SP.POP.TOTL,30685730,31020855,31359199,31642461,31938807,32242732,32571193,32888886,33247298,33630069,34005902,34339221,34713395,35080992,35434066,35704498,36110803,36545075,37072620,37618495,38028638,38239864,38950132,40049088,41262329,41651653
Canada,CAN,"GNI, PPP (current international $)",NY.GNP.MKTP.PP.CD,876935866151.766,911694819815.205,946440061399.149,998454857612.763,1060309767216.21,1147390008931.78,1221965016734.95,1282352329734.02,1322673547258.16,1284469615368.94,1336790889862.42,1403781260484.68,1442044757903.5,1530453431372.55,1595196682591.57,1570419104485.27,1657591887626.39,1743306959310.54,1821483037220.98,1877057297226.28,1834448846581.77,2159453610338.53,2465163660625.47,2561201059551.98,2659678810088.38,2783125372599.95
Cayman Islands,CYM,"Population, total",SP.POP.TOTL,39674,41089,42514,43934,45352,46788,48232,49687,51151,52618,54099,55606,57136,58655,60160,61642,63100,64535,65941,67327,68684,70108,71591,73038,74457,75844
Cayman Islands,CYM,"GNI, PPP (current international $)",NY.GNP.MKTP.PP.CD,..,..,..,..,..,..,..,..,..,..,3395900981.52134,3579426001.18982,2503674819.03441,2242165294.44674,2206011067.53999,2340668358.62058,2619514261.94973,2940171852.21732,3305697558.12123,3627574909.28628,3440770918.5223,4516776044.57888,4626393550.80562,4841259037.64804,5544924877.55198,..
Central African Republic,CAF,"Population, total",SP.POP.TOTL,3833416,3919487,4006077,4103086,4192826,4288810,4377579,4462770,4558984,4529047,4492995,4565021,4610848,4642419,4623182,4629320,4713663,4793511,4878657,4944703,5026628,5112100,5098039,5152421,5330690,5513282
Central African Republic,CAF,"GNI, PPP (current international $)",NY.GNP.MKTP.PP.CD,2417722133.96867,2597969299.04701,2731657945.23723,2653087280.13755,2863350930.09246,2989693787.66022,3228242364.08924,3473911824.74597,3594573769.94322,3961869981.93098,4226562236.09536,4492422406.61788,4918926831.37993,3324981401.57609,3265039171.08106,3603540434.67345,3942112928.35926,4452407772.46887,4749006361.38565,5230877201.10181,5659466490.56345,6162917245.35656,6537820697.02284,6865568636.6878,7148870937.52107,7660254149.87861
Chad,TCD,"Population, total",SP.POP.TOTL,8512093,8804124,9116192,9487833,9920036,10328092,10706424,11081660,11476296,11893754,12312575,12754997,13210998,13691079,14188678,14647621,15114655,15622759,16156531,16685223,17224679,17828273,18455316,19319064,20299123,21003705
Chad,TCD,"GNI, PPP (current international $)",NY.GNP.MKTP.PP.CD,8800133653.75744,10043066925.3209,10926076308.6501,11460601786.4256,15856505589.2125,19136283422.444,19476613240.8477,21187652999.2917,21904385175.8703,24044099041.8111,27838693656.9463,29883813377.2662,31631603921.4643,27935456685.0434,29259240807.5811,34030983161.7861,31586636734.0096,32441938945.6218,35608249160.5227,39169088562.5993,37529590317.9341,43218223521.0611,46380436742.3519,49026253172.8855,54101215164.7594,58206822819.1046
Channel Islands,CHI,"Population, total",SP.POP.TOTL,148110,148850,149881,150960,152039,153126,154214,155309,156408,157511,158621,159706,160767,161777,162726,163454,163883,164319,164949,165639,166235,166741,167215,167691,168126,168466
Channel Islands,CHI,"GNI, PPP (current international $)",NY.GNP.MKTP.PP.CD,..,..,..,..,..,..,..,..,..,..,..,..,..,..,..,..,..,..,..,..,..,..,..,..,..,..
Chile,CHL,"Population, total",SP.POP.TOTL,15503635,15683849,15857925,16024752,16187322,16348778,16509195,16671581,16838988,17009731,17181464,17351816,17519119,17687006,17864195,18047625,18267221,18558868,18893191,19197744,19370624,19456334,19553036,19658835,19764771,19859921
Chile,CHL,"GNI, PPP (current international $)",NY.GNP.MKTP.PP.CD,140273829782.707,148283652106.984,154506370484.646,162902696561.708,174122121148.693,188981195876.113,228711518848.63,251050128190.79,254057986121.614,252743553342.144,287919841661.65,318741871183.897,353816711374.161,375186612626.904,385025200182.301,395546267627.688,413012764323.289,433363834230.272,458498081292.87,473289208934.458,460533015072.877,534278255969.18,574971560989.477,624426158236.123,679622451722.218,709595275089.718
China,CHN,"Population, total",SP.POP.TOTL,1262645000,1271850000,1280400000,1288400000,1296075000,1303720000,1311020000,1317885000,1324655000,1331260000,1337705000,1345035000,1354190000,1363240000,1371860000,1379860000,1387790000,1396215000,1402760000,1407745000,1411100000,1412360000,1412175000,1410710000,1408975000,1406585000
China,CHN,"GNI, PPP (current international $)",NY.GNP.MKTP.PP.CD,3696927935988.22,4085855126339.75,4551519449145.32,5131260903937.11,5823899140075.9,6665173107787.85,7781421207642.79,9160431596242.31,10279428733590.2,11228365126918.6,12536239204128.7,13935727062246.9,15429858615026.6,16537047500727.9,17776179956535.4,18490592046582.9,19551764868088.8,20947567340458.7,22763849926082.5,24709480590705.4,25575086905083.5,29237453096281.7,32248173878597,35289110346039.3,37975983346755.9,41019094981425.1
Colombia,COL,"Population, total",SP.POP.TOTL,39089934,39709262,40324680,40937429,41543171,42128977,42691084,43235374,43758808,44271541,44777319,45259614,45715810,46151584,46565429,46969940,47437512,48131078,49024465,49907985,50629997,51188173,51737944,52321152,52886363,53425635
Colombia,COL,"GNI, PPP (current international $)",NY.GNP.MKTP.PP.CD,259151794820.946,268582965379.278,278961087422.146,293399320717.908,317173276661.923,346168868858.313,380411642197.554,415229157115.866,435448537188.265,445341131243.507,468561552528.856,507405547213.148,531702488598.185,569416587290.375,604226852874.652,618044934989.2,658039414706.677,681250506662.521,728608189905.724,789964918998.858,778428458201.729,881765810050.178,1041653853681.36,1089266254057.74,1168725054412.7,1188603155472.88
Comoros,COM,"Population, total",SP.POP.TOTL,536080,547220,558923,569798,580704,592677,604753,616927,629307,641947,654836,668056,681630,696192,711503,726682,741741,756669,771590,786578,802163,818174,834188,850387,866628,882847
Comoros,COM,"GNI, PPP (current international $)",NY.GNP.MKTP.PP.CD,934037589.695031,1007746563.0017,1066547365.5218,1107869720.84484,1171823874.16747,1278134790.58288,1295079768.77462,1346245643.46227,1421029149.10545,1476981462.70229,1552087023.40375,1650027468.1807,1823082832.81761,1972367806.95435,2098315465.79248,2154448542.20911,2341051172.79659,2544749985.26578,2563226038.80777,2618043788.81554,2628950925.68041,2835594482.24527,3112792739.38675,3330407832.13332,3527775381.39097,3761466756.41221
"Congo, Dem. Rep.",COD,"Population, total",SP.POP.TOTL,50507442,52132646,53750524,55343867,56997741,58775724,60615908,62477752,64390664,66412044,68563038,70849311,73254618,75789395,78403242,81035531,83956415,87083398,90047644,92947442,95989998,99148932,102396968,105789731,109276265,112832473
"Congo, Dem. Rep.",COD,"GNI, PPP (current international $)",NY.GNP.MKTP.PP.CD,22094539748.1316,21434405574.0724,22798402132.2921,24767645438.9458,27020293227.6959,29262584031.3075,32033500380.0751,35571375224.8962,37983138727.9923,39089378773.356,43177852750.9248,43369818884.52,44932069378.5534,53004505900.3315,62035910026.4692,68649733841.8421,78129240680.8212,83792915211.804,90998976489.6501,92271352749.8521,101674741842.487,134360553387.149,154671272902.735,177736772208.495,193047355318.836,208601649653.457
"Congo, Rep.",COG,"Population, total",SP.POP.TOTL,3151345,3272537,3350771,3445753,3565554,3696393,3837409,3980430,4113517,4281219,4462290,4609724,4740450,4857099,4975880,5097581,5222536,5351011,5483118,5616661,5752791,5892183,6035104,6182885,6332961,6484437
"Congo, Rep.",COG,"GNI, PPP (current international $)",NY.GNP.MKTP.PP.CD,8452353351.88565,8944207141.07105,9683416487.87237,10174159601.1947,10063354242.4858,11996328119.1351,14914724470.2584,14170790182.2328,16044263180.3819,18943153444.421,21257422403.6887,21470355525.6044,27165523910.1258,27686604305.841,28946115799.8532,23908515204.201,20224120130.4975,20651135353.0463,28959041247.2517,28888184780.4629,27296170367.2095,32795168622.1605,35758415681.8896,38033926771.9967,40006557952.7992,42086006733.8105
Costa Rica,CRI,"Population, total",SP.POP.TOTL,3937739,4008947,4075705,4138784,4200078,4261240,4321340,4380248,4440056,4499791,4555962,4609833,4663934,4716147,4767119,4818038,4866998,4913177,4957818,4999553,5034320,5059988,5081765,5105525,5129910,5152950
Costa Rica,CRI,"GNI, PPP (current international $)",NY.GNP.MKTP.PP.CD,29605080516.4814,31326775610.6846,32899854253.4841,34991614541.2694,37671700482.1901,40596303279.6802,45306866325.1558,50527735192.261,54306653357.2195,53408231945.0194,57007226694.9711,60645839906.098,65343314863.0478,69220102922.4301,74925520509.7144,80823943682.1767,89513475204.1054,95448235920.1736,101067826672.647,110335832418.104,105544049017.515,114107801025.765,127003244452.276,137384397476.186,148685424626.612,158525836981.067
Cote d'Ivoire,CIV,"Population, total",SP.POP.TOTL,17699004,18178913,18654771,19125542,19595000,20068458,20546802,21030558,21514439,21997940,22488065,22982000,23467078,23939775,24527395,25246342,25989405,26733372,27464173,28193009,28915449,29639736,30395002,31165654,31934230,32711547
Cote d'Ivoire,CIV,"GNI, PPP (current international $)",NY.GNP.MKTP.PP.CD,31597376299.7796,31754861872.6594,31966966776.6301,31705988245.3498,34425012203.6572,39004792037.3634,40899651408.7093,42690672688.7832,46072548182.6896,48329858660.4106,51905829427.317,48585323041.0442,55152187769.3865,60504327882.9193,98069384225.3277,108731649059.199,115130993832.18,121709257256.731,132046527045.751,151190324519.851,155606848537.078,173671121074.45,197585787733.214,217209293873.031,234508529878.789,253622078507.45
Croatia,HRV,"Population, total",SP.POP.TOTL,4468302,4299642,4302174,4303399,4304600,4310145,4311159,4310217,4309705,4305181,4295427,4280622,4260368,4233922,4201598,4151725,4106867,4041407,3988775,3949390,3914206,3878981,3855641,3859686,3866200,3876200
Croatia,HRV,"GNI, PPP (current international $)",NY.GNP.MKTP.PP.CD,46850663345.6587,49055374822.8499,54024029865.3104,57008783651.2666,62142858507.4351,65036632319.6606,74046789266.0433,82419959430.5069,87797452069.8102,84432783048.2773,83558740002.1039,88073746578.235,89175814121.3619,93180749182.5778,94087640530.7359,98373166968.0588,104064466977.189,112336283756.8,117553143319.012,129911988482.417,125121759239.183,142325061773.428,161798675909.385,184139634737.372,192139823504.369,195395191585.104
Cuba,CUB,"Population, total",SP.POP.TOTL,11109109,11144132,11177418,11209383,11238756,11262554,11278550,11287272,11291762,11294719,11297409,11301571,11303175,11298167,11285775,11275065,11265612,11247829,11227118,11202846,11176354,11122168,11059820,11019931,10979783,10937203
Cuba,CUB,"GNI, PPP (current international $)",NY.GNP.MKTP.PP.CD,..,..,..,..,..,..,..,..,..,..,..,..,..,..,..,..,..,..,..,..,..,..,..,..,..,..
Curacao,CUW,"Population, total",SP.POP.TOTL,133860,129047,129205,131897,134192,137658,141239,144056,145880,146833,148703,150831,152088,153822,155909,157980,159664,160175,159336,157441,155482,153948,153321,154654,155967,156263
Curacao,CUW,"GNI, PPP (current international $)",NY.GNP.MKTP.PP.CD,..,..,..,..,..,3370015788.52693,3538882707.35258,3725319278.95477,3797770026.03611,3746209435.43205,3845897938.72877,3911807566.19948,3740792304.61982,3714354165.19598,3714448849.93696,3742606010.52491,3704781412.94964,3850535354.04104,3900097602.24333,4015082849.61069,3400840480.08901,3878700968.63132,4483054937.27987,4826773469.32708,5198457739.27303,..
Cyprus,CYP,"Population, total",SP.POP.TOTL,947667,964127,981440,999590,1017875,1036151,1054418,1072714,1091026,1109371,1127816,1146493,1165397,1183895,1201801,1219502,1237112,1254275,1270737,1286671,1302247,1317309,1331370,1344976,1358282,1370754
Cyprus,CYP,"GNI, PPP (current international $)",NY.GNP.MKTP.PP.CD,13511003063.8208,14896728014.8356,15854142046.3616,16728173820.8355,17822625971.5691,19438130308.1273,21286606456.6929,23612720816.8454,26949457958.4646,27317305102.7539,27391248599.3955,29170263364.2294,27388158109.5385,25903062003.7824,25018951803.7517,26876685112.6197,29341431610.4122,32014034065.113,34321393291.0768,37659315618.2667,36076356162.5976,40032579615.2674,47460303114.1609,51340540702.552,54693552278.2607,56624039537.3052
Czechia,CZE,"Population, total",SP.POP.TOTL,10255063,10216605,10196916,10193998,10197101,10211216,10238905,10298828,10384603,10443936,10474410,10496088,10510785,10514272,10525347,10546059,10566332,10594438,10629928,10671870,10697858,10505772,10672118,10864042,10905028,10886878
Czechia,CZE,"GNI, PPP (current international $)",NY.GNP.MKTP.PP.CD,164249386635.636,175859473777.175,180358908894.055,193148385438.482,203909062957.715,215395056327.237,229613628229.706,253090738037.667,272425536116.179,269409565857.075,272045143380.775,282411754545.887,290486496949.585,306100277420.792,321734585195.396,333145514214.738,356471034544.78,390369373454.425,417308031796.881,456695505854.633,454932965670.631,487438196003.945,542061268119.898,586697358736.855,608227086676.39,630061269851.556
Denmark,DNK,"Population, total",SP.POP.TOTL,5339616,5358783,5375931,5390574,5404523,5419432,5437272,5461438,5493621,5523095,5547683,5570572,5591572,5614932,5643475,5683483,5728010,5764980,5793636,5814422,5831404,5856733,5903037,5946952,5976992,6009169
Denmark,DNK,"GNI, PPP (current international $)",NY.GNP.MKTP.PP.CD,149483932511.669,155537154544.374,162811860298.173,164888165319.224,178652053253.151,187044004519.316,205770346715.439,214652227226.715,230335034883.627,226041478212.279,242660077787.477,252792877833.392,255908936592.362,271474888801.207,280019550603.561,286478265196.348,304284296177.775,325642976047.048,340870975851.748,362568099705.264,377351059071.427,422155353429.593,476316954042.098,475285386497.025,499230357420.594,513515618048.067
Djibouti,DJI,"Population, total",SP.POP.TOTL,747318,771313,795574,813519,826124,839167,855764,874528,892734,911527,930251,948558,966747,984824,1002717,1020313,1037653,1054841,1071882,1088709,1105188,1121248,1137096,1152944,1168722,1184076
Djibouti,DJI,"GNI, PPP (current international $)",NY.GNP.MKTP.PP.CD,..,..,..,..,..,..,..,..,..,..,..,..,..,3654744303.13219,3946667943.98346,4302117802.17555,4457233321.50236,4706999425.71146,5182617582.56353,5698307537.28912,5916877685.12193,6563904655.24407,7671079011.26978,8558115297.99339,9396527669.8765,10252488425.63
Dominica,DMA,"Population, total",SP.POP.TOTL,68511,68288,68367,68531,68649,68734,68806,68847,68854,68864,68859,69053,69118,69715,70373,70410,69606,68496,68174,67880,67573,67202,66826,66510,66205,65871
Dominica,DMA,"GNI, PPP (current international $)",NY.GNP.MKTP.PP.CD,435434940.227771,464746991.548043,453513782.879485,490409868.903288,517646963.457814,544641964.868504,610212632.262744,654777195.980813,719339876.874273,724272765.590261,738561783.558277,752843124.039695,741007607.848786,758676072.833696,826221292.75603,819193680.148982,870951698.858091,874572664.845272,1029676723.63637,1071448671.52554,978277529.499402,1063345345.52904,1262153353.4427,1349445224.82905,1377689493.25389,1457883756.53761
Dominican Republic,DOM,"Population, total",SP.POP.TOTL,8584190,8720283,8852235,8980620,9104892,9225034,9341183,9455658,9573130,9695265,9820175,9945621,10070411,10193833,10315528,10434829,10551430,10666843,10782053,10894043,11008300,11123476,11230734,11331265,11427557,11520487
Dominican Republic,DOM,"GNI, PPP (current international $)",NY.GNP.MKTP.PP.CD,54548734859.198,57166866235.1481,60671459023.5832,59567359221.6963,61689377010.2417,71751184312.5631,81115121334.7083,89422515944.942,95441404674.3761,97060078964.1604,106478696456.004,111785584086.094,113896391058.58,120532566247.103,132165760052.487,148086363236.176,164403135385.462,171074022240.57,185594090264.376,205511194932.346,198954583853.862,233128419879.385,266017084042.885,279812143246.455,298894082968.609,310773666835.914
Ecuador,ECU,"Population, total",SP.POP.TOTL,12689206,12910740,13138472,13372306,13608701,13846163,14086131,14328773,14575202,14825954,15076695,15326227,15572194,15807128,16035124,16266225,16505139,16759519,17049547,17340021,17546065,17682454,17823897,17980083,18135478,18289896
Ecuador,ECU,"GNI, PPP (current international $)",NY.GNP.MKTP.PP.CD,66911195182.3083,72923599725.6892,78748823459.1575,82455806838.7198,90076142497.488,98650631049.7379,106666885731.699,111699997247.954,123343886008.44,125739257015.189,133183317759.64,147360488822.749,157225919896.862,176062331035.283,186961706891.019,173824904854.939,176153185406.284,193171305349.347,202185527103.686,211241305349.952,195334280825.807,235140283566.015,266472719837.34,279382868995.599,279623003577.407,297999449478.584
"Egypt, Arab Rep.",EGY,"Population, total",SP.POP.TOTL,73083284,74652029,76239137,77853548,79477443,81101004,82700403,84276225,85864789,87501636,89196072,91093059,93161001,95333553,97528654,99597342,101644589,103696057,105682094,107553158,109315124,110957008,112618250,114535772,116538258,118365995
"Egypt, Arab Rep.",EGY,"GNI, PPP (current international $)",NY.GNP.MKTP.PP.CD,400278273324.915,426462274089.742,439074119076.482,460905800713.497,492032086404.896,530041790703.572,588330623968.067,649728960102.691,709166738606.38,741304645068.473,772581901820.088,797765801524.506,941144389250.992,976356868606.206,976523689101.184,1067147122529.07,1069524989723.49,1132371475178.36,1271820646752.67,1387655933041.16,1615817490975.2,1678130810767.4,1908272238016.47,2030620255434.78,2127981654075.68,2287719974337.03
El Salvador,SLV,"Population, total",SP.POP.TOTL,5943366,5968060,5986631,5998599,6004671,6005578,6002319,6009824,6029297,6048279,6068249,6090127,6113975,6138839,6162955,6183676,6200800,6213533,6219807,6222318,6234673,6255782,6280319,6309624,6338193,6365503
El Salvador,SLV,"GNI, PPP (current international $)",NY.GNP.MKTP.PP.CD,25711465195.05,26517440008.2805,27243945032.5379,28031105346.0297,28998526649.8581,30709570775.2285,33235013904.2505,34784906277.7345,36412115260.3972,35499134042.7194,36795973470.191,38932390718.9747,39345347459.2873,41579745956.3746,44125662032.396,46774257454.8227,49730228036.5628,52611174848.1807,54011440208.0451,57680789655.4174,55323748378.7793,63692919937.2651,70016546214.4941,74833573570.2044,78593059096.6584,83655992333.1287
Equatorial Guinea,GNQ,"Population, total",SP.POP.TOTL,703279,749836,797957,847862,899917,947367,990343,1036044,1084530,1135673,1189085,1241835,1293483,1346218,1399828,1453923,1508186,1562396,1616422,1670177,1716468,1758786,1803545,1847549,1892516,1938431
Equatorial Guinea,GNQ,"GNI, PPP (current international $)",NY.GNP.MKTP.PP.CD,3565860967.83828,4054096187.85212,5414885553.76587,5383148098.80921,7066131362.35438,10650132479.0826,18328094265.9336,22041961721.1827,24532848157.1479,22324010892.9422,18268538213.8021,21558948718.4321,26620565424.9568,28385585960.9326,30765800121.0067,24299109100.823,20367573121.6732,26743437480.618,26229567497.8932,21866962421.1813,22666503304.2446,27491005078.3578,24330511874.0182,28721834380.8745,28762626667.1041,28315925921.6017
Eritrea,ERI,"Population, total",SP.POP.TOTL,2247031,2312079,2392978,2493903,2598284,2661215,2703502,2743222,2816327,2887885,2945186,2998485,3036988,3074360,3095173,3105546,3124698,3150347,3192760,3240194,3291271,3350183,3409447,3470390,3535603,3607003
Eritrea,ERI,"GNI, PPP (current international $)",NY.GNP.MKTP.PP.CD,3502952458.40605,3880612656.00432,4038045151.61892,3997353699.53294,4153130830.18324,4416845102.77044,4515258516.89522,4711818765.41161,4319551008.84921,4513815645.19563,4651755204.04337,5164760114.43522,..,..,..,..,..,..,..,..,..,..,..,..,..,..
Estonia,EST,"Population, total",SP.POP.TOTL,1396985,1388115,1379350,1370720,1362550,1354775,1346810,1340680,1337090,1334515,1331475,1327439,1322696,1317997,1314545,1315407,1315790,1317384,1321977,1326898,1329522,1330932,1348840,1370286,1372341,1366475
Estonia,EST,"GNI, PPP (current international $)",NY.GNP.MKTP.PP.CD,12669357453.7077,13617782386.9028,15237943834.898,16955758241.9392,18694312954.6021,21499501319.2193,24609299200.43,27452261662.1634,28896900312.8125,26509436700.1054,27231660035.6863,31059616888.1939,33285418461.875,35804442368.6507,37604813148.8546,38256073514.6397,41160634954.3146,44406888661.2277,48078818465.4677,52811288278.5753,53306858280.8297,57522186856.3939,63499918798.2858,65159244450.5723,67768490330.9116,70200795560.2544
Eswatini,SWZ,"Population, total",SP.POP.TOTL,1041414,1051064,1059441,1066700,1073159,1079022,1084436,1090705,1098091,1105153,1111650,1117833,1123863,1129990,1136299,1142813,1149507,1158195,1168929,1179874,1192729,1206593,1218917,1230506,1242822,1256174
Eswatini,SWZ,"GNI, PPP (current international $)",NY.GNP.MKTP.PP.CD,4675272199.96538,5075878452.01582,5035218344.45303,5250612868.9262,5703521629.52048,6587332266.86301,6882839660.68675,7431567145.61204,7579657997.55766,7582096954.48047,7719976044.12648,7939271361.75376,8142294522.02103,8889817970.96688,9090853955.74747,9198016115.54174,9215047347.34819,9284847482.40879,9288992343.69319,9772950121.59454,10086602562.0899,11145318418.4202,11932777330.0305,12989305987.1649,12833736959.9434,14309019579.3047
Ethiopia,ETH,"Population, total",SP.POP.TOTL,67411494,69487762,71635517,73832663,76077206,78367470,80703490,83103217,85543668,88007636,90538514,93149970,95798767,98438751,101115610,103867135,106718162,109666481,112664152,115737383,118917671,122138588,125384287,128691692,132059767,135472051
Ethiopia,ETH,"GNI, PPP (current international $)",NY.GNP.MKTP.PP.CD,31713478433.9468,35157264394.4661,36222515145.7443,36108792939.4354,42171697080.7789,48800096618.2872,55776261918.5527,64057268446.8563,72336649387.1956,79029657484.4828,89819143069.5582,102066933556.261,112693479432.346,123054467295.449,149706960402.231,168886194465.487,197586705772.362,218547997935.064,235010231989.652,257939268526.367,284581198465.731,314515207950.707,355038153499.318,393156515516.266,434095320327.137,489798906857.208
Faroe Islands,FRO,"Population, total",SP.POP.TOTL,45754,46635,47335,48032,48384,48359,48335,48378,48547,48790,48656,48542,48290,48245,48427,48898,49463,50179,50997,51790,52561,53291,53903,54398,54640,54900
Faroe Islands,FRO,"GNI, PPP (current international $)",NY.GNP.MKTP.PP.CD,..,..,..,..,..,..,..,..,2010588478.49903,1875622852.74722,1960020277.12284,2155650430.39359,2346914926.6717,2532856919.01816,2669043611.0677,2696162856.59672,2784848334.93501,2926123365.10612,3091134657.31042,3315013813.34155,3318617844.9052,3772244313.21095,4157340446.69143,4371070880.57775,4561187478.76349,..
Fiji,FJI,"Population, total",SP.POP.TOTL,840909,849596,858049,866286,874366,882379,890365,897832,903399,907239,910419,912989,914918,916352,917585,918578,919166,918759,917180,914899,914963,916711,919422,924145,928784,933154
Fiji,FJI,"GNI, PPP (current international $)",NY.GNP.MKTP.PP.CD,4736134255.66577,4800325333.14429,5116247317.61422,5228726962.27912,5652012037.22983,5956347457.95559,5938417468.12148,6099456193.22216,6299844052.84774,6386244960.36808,6470388289.20539,6785193406.75997,7224099027.65405,7941108765.18504,9193434125.51809,9926803417.49299,10206801485.5218,10631975508.4893,11126810513.916,10872413775.3031,9153155942.42068,8893153128.90378,11299387198.4979,12773804972.3483,13479016747.5622,14334130193.4518
Finland,FIN,"Population, total",SP.POP.TOTL,5176209,5188008,5200598,5213014,5228172,5246096,5266268,5288720,5313399,5338871,5363352,5388272,5413971,5438972,5461512,5479531,5495303,5508214,5515525,5521606,5529543,5541017,5556106,5583911,5619911,5646436
Finland,FIN,"GNI, PPP (current international $)",NY.GNP.MKTP.PP.CD,137769659489.3,144163694005.18,149168497584.991,150507846725.891,164241102297,168826779821.609,183022706550.285,200725842518.708,213324928052.624,205334235057.658,211613443288.348,221031146861.93,221547724533.432,226043428172.533,229376880766.305,233597870774.708,245945316978.755,260256097038.523,272727485692.466,289676738534.819,299192631452.964,319766640229.01,348291257954.801,355112319804.762,365777344501.255,374339527575.76
France,FRA,"Population, total",SP.POP.TOTL,60918661,61364377,61812142,62249855,62707588,63180854,63622342,64016890,64375116,64706436,65026211,65340830,65657659,65997932,66312067,66548272,66724104,66918020,67158348,67382061,67601110,67842811,68184457,68372286,68551653,68720337
France,FRA,"GNI, PPP (current international $)",NY.GNP.MKTP.PP.CD,1611056801125.1,1710208538061.98,1772499383797.54,1769527646858.31,1840514100884.81,1957541753140.9,2106182365535.64,2226510068624.65,2308039470491.25,2298102469213.09,2391922327825.71,2519178331298.93,2530884956905.18,2674780660955.62,2727161281135.26,2777257281493.37,2918879960617.61,3036125535476.15,3185264611209.71,3548150304410.77,3412349289807.98,3674360638970.36,4008095598692.89,4262163165930.74,4368454830096.32,4474299725067.19
French Polynesia,PYF,"Population, total",SP.POP.TOTL,240337,244097,247775,251637,255654,259507,263223,266438,268379,269481,270580,271727,273084,274728,276387,277866,279178,280087,279815,279034,279209,279792,280378,281118,281807,282465
French Polynesia,PYF,"GNI, PPP (current international $)",NY.GNP.MKTP.PP.CD,..,..,..,..,..,..,..,..,..,..,..,..,..,..,..,..,..,..,..,..,..,..,..,..,..,..
Gabon,GAB,"Population, total",SP.POP.TOTL,1275572,1309589,1345135,1382350,1421609,1463495,1508337,1556237,1607175,1661556,1719879,1781985,1846889,1913059,1978399,2040989,2100306,2156900,2212318,2267706,2322539,2376722,2430747,2484789,2538952,2593130
Gabon,GAB,"GNI, PPP (current international $)",NY.GNP.MKTP.PP.CD,14545610431.5392,15526882851.5667,16361999655.0559,16692429060.7233,16409960259.0566,18478041667.8045,17859620756.33,19104153712.0591,19004049980.3047,19708933357.0906,20937084616.1573,22729974762.4942,24306483887.967,25048343584.009,27856596913.337,26774535152.9298,28764231374.0481,29920423320.9147,32619231203.2644,34069215046.4346,32213461117.761,41415096872.2332,43249208012.846,47412717711.4165,52376176925.2188,56175181173.4491
"Gambia, The",GMB,"Population, total",SP.POP.TOTL,1455084,1495011,1535691,1577611,1621312,1667037,1715275,1765774,1817852,1871422,1926630,1983784,2043094,2103820,2164528,2224529,2283769,2342189,2399632,2456844,2515733,2576010,2636470,2697845,2759988,2822093
"Gambia, The",GMB,"GNI, PPP (current international $)",NY.GNP.MKTP.PP.CD,2388674518.30822,2578451460.43821,2505602365.8762,2782118189.54728,3139183944.29109,3160196197.7005,3233082503.89361,3434320606.89873,3733969146.7642,3995538159.70926,4282709649.18308,4002461735.10188,4131377697.7513,4130762560.56277,4086929952.0286,4321340159.0319,4510338615.19933,4685813019.19955,5369508408.34943,5851376862.87667,6272279516.99147,6976646476.02658,7971189756.78147,8775011424.83316,9480044521.03558,10320873122.5157
Georgia,GEO,"Population, total",SP.POP.TOTL,4077131,4014373,3978515,3951736,3927340,3902469,3880347,3860158,3848449,3814419,3786695,3756441,3728874,3717668,3719414,3725276,3727505,3728004,3726549,3720161,3722716,3708610,3712502,3715483,3812518,3935766
Georgia,GEO,"GNI, PPP (current international $)",NY.GNP.MKTP.PP.CD,13043957186.5202,13896913903.3479,14839499692.9113,16794411445.2035,18460602474.5801,20765886000.0308,23681802151.9681,26925853091.2413,27883643630.5735,27047039616.8321,28692237889.1522,31284073684.4784,37129800254.7801,39415059833.3112,43223852487.0596,44676688236.3775,46495073155.0409,48687859141.1321,53871611079.6655,59570769715.4507,59555183444.0573,65780416560.1343,77575765856.9233,85992519848.5908,97082320499.5962,108504399258.92
Germany,DEU,"Population, total",SP.POP.TOTL,82211508,82349925,82488495,82534176,82516260,82469422,82376451,82266372,82110097,81902307,81776930,80274983,80425823,80645605,80982500,81686611,82348669,82657002,82905782,83092962,83160871,83196078,83177813,83287273,83516593,83491249
Germany,DEU,"GNI, PPP (current international $)",NY.GNP.MKTP.PP.CD,2245214181930.02,2344162290235.12,2408914467669.01,2475184737517.03,2635935348595.39,2686671914621.05,2909833077954.75,3080558518676.02,3186244287854.35,3145302624372.77,3312905376960.99,3572246332436.97,3641714279907.42,3786623110441.1,3962765480136.86,4045526279940.68,4367324025256.18,4589054798511.78,4852963091884.13,5110755212505.83,5005950460927.29,5384870743755.81,5968173637429.3,6213481415126.37,6389419029709.13,6523709722627.16
Ghana,GHA,"Population, total",SP.POP.TOTL,19637087,20167069,20729388,21296705,21868298,22449438,23040702,23642279,24249946,24862664,25474995,26095088,26734268,27386193,28041592,28696068,29356742,30008354,30637585,31258945,31887809,32518665,33149152,33787914,34427414,35064272
Ghana,GHA,"GNI, PPP (current international $)",NY.GNP.MKTP.PP.CD,44848820628.3867,47895928553.2225,50813617621.6396,54495591724.6817,59075711883.7333,64824781883.5772,70030320311.9966,76304253795.7778,84992608903.3175,89689915727.0159,96995228257.0429,111658379163.482,126870542214.88,138828155190.211,146624691257.904,144492868487.251,141337268710.443,147530650795.972,161990349853.475,179917385479.638,183478669234.922,203027114901.376,222395018073.794,242497150732.022,259614378347.738,283448233153.701
Gibraltar,GIB,"Population, total",SP.POP.TOTL,27709,27657,27831,28274,28715,29163,29594,30006,30413,30823,31248,31660,32029,32407,32813,33193,33658,34245,34854,35494,36173,36858,37609,38471,39329,40126
Gibraltar,GIB,"GNI, PPP (current international $)",NY.GNP.MKTP.PP.CD,..,..,..,..,..,..,..,..,..,..,..,..,..,..,..,..,..,..,..,..,..,..,..,..,..,..
Greece,GRC,"Population, total",SP.POP.TOTL,10805808,10862132,10902022,10928070,10955141,10987314,11020362,11048473,11077841,11107017,11121341,11104899,11045011,10965211,10892413,10820883,10775971,10754679,10732882,10721582,10698599,10570130,10437805,10407351,10405134,10413962
Greece,GRC,"GNI, PPP (current international $)",NY.GNP.MKTP.PP.CD,208485901080.867,225163624123.753,241957018906.564,255575273719.033,270538054602.788,276277726518.981,303018467904.598,310433584895.152,326552312236.299,324778295549.123,302740390926.387,277414313417.83,272193639790.671,280013309339.982,287547496052.427,285705311376.361,293037835128.615,304841430437.134,313817734400.034,337293538297.731,312769959886.921,351868192361.159,406311758212.251,430945739065.899,446535522223.475,461468418727.632
Greenland,GRL,"Population, total",SP.POP.TOTL,56185,56379,56595,56751,56898,56935,56775,56555,56328,56323,56534,56890,56810,56483,56295,56114,56186,56172,56023,56225,56367,56653,56661,56865,56836,56831
Greenland,GRL,"GNI, PPP (current international $)",NY.GNP.MKTP.PP.CD,1625434556.35557,1676917984.89945,1687393163.43934,1645198473.5576,1778365861.57923,1971063327.38878,1965147905.09353,2277578573.6213,..,..,..,..,..,..,..,..,..,..,..,..,..,..,..,..,..,..
Grenada,GRD,"Population, total",SP.POP.TOTL,107451,107987,108404,108884,109323,109734,110135,110522,110896,111254,111586,112079,112775,113487,114132,114676,115130,115438,115691,115981,116341,116688,116913,117081,117207,117303
Grenada,GRD,"GNI, PPP (current international $)",NY.GNP.MKTP.PP.CD,734064552.165302,723811562.095656,753341889.153471,843366062.829199,838439325.409739,1054441785.1611,1042792250.98161,1121427226.60082,1156855652.19583,1052590322.33453,1094585184.86884,1138673428.05648,1141494468.05359,1232242972.12727,1269050103.51512,1338456470.87388,1462955956.1401,1550331222.82484,1668484119.50897,1716612139.25774,1556296700.14515,1627109522.27298,1907708844.06488,1989241967.43209,2195718815.55573,2365716615.11038
Guam,GUM,"Population, total",SP.POP.TOTL,160065,161329,162315,163137,163810,164365,164839,165267,165693,166173,166522,166543,166331,165966,165486,164905,164233,163490,162679,161808,162158,163730,165180,166506,167777,168999
Guam,GUM,"GNI, PPP (current international $)",NY.GNP.MKTP.PP.CD,..,..,..,..,..,..,..,..,..,..,..,..,..,..,..,..,..,..,..,..,..,..,..,..,..,..
Guatemala,GTM,"Population, total",SP.POP.TOTL,11697592,11969422,12246915,12525842,12807402,13087629,13367459,13652040,13935174,14215611,14500112,14792126,15089647,15387337,15681725,15971743,16268760,16567357,16845685,17103803,17357325,17598650,17847877,18124838,18406359,18687881
Guatemala,GTM,"GNI, PPP (current international $)",NY.GNP.MKTP.PP.CD,54470605220.1248,57446378816.9303,59910347495.7607,62710897956.2386,66238537071.8387,70502161134.1764,76193830122.1551,83028024155.5231,88189540401.0806,88868570729.1101,91998292944.6061,97566174068.503,107261780440.806,115718386774.728,125777835783.856,139280913498.404,146465694015.612,155068777393.56,164128064452.248,180619305162.667,186584914397.174,202963526367.505,227132968740.498,244629646266.703,261137588431.104,280608081592.712
Guinea,GIN,"Population, total",SP.POP.TOTL,8428832,8539960,8674066,8870781,9062726,9245844,9441171,9662281,9898870,10143534,10396086,10656810,10921581,11191873,11472924,11767070,12073030,12385659,12704774,13034346,13371183,13710513,14055137,14405468,14754785,15099727
Guinea,GIN,"GNI, PPP (current international $)",NY.GNP.MKTP.PP.CD,9910493133.65629,10457775760.4373,11323027632.8228,11204718423.8046,11751998322.4414,12293651599.7815,13584959683.7565,14898539895.9052,15764607096.3984,15493928494.0242,16669558049.3949,17815489417.0945,19237149725.2987,19618327307.2536,20971594723.232,22336671519.194,26904454027.6037,33118247749.195,35584026813.8881,40138874726.0024,44087782738.3354,49188241693.1525,56095505320.1009,57094883529.1445,61067003625.1554,71348025929.613
Guinea-Bissau,GNB,"Population, total",SP.POP.TOTL,1234741,1261273,1289307,1318806,1349563,1381585,1415303,1450986,1488054,1526377,1566347,1608076,1651417,1695973,1741122,1786457,1831893,1877072,1922168,1967696,2013255,2058841,2105529,2153339,2201352,2249515
Guinea-Bissau,GNB,"GNI, PPP (current international $)",NY.GNP.MKTP.PP.CD,1212225525.94237,1302407913.07956,1385585115.82599,1412934631.25419,1467042075.4432,1616830044.28612,1710900953.2055,1803646172.60414,1917125697.03473,1982090239.78711,2140114074.48359,2328848436.62571,2242167091.15885,2383842665.69018,2618280126.60353,3159045810.42944,3389358587.79474,3945945572.50325,3825588760.97415,4495492300.9507,4780874760.74751,5238881668.01697,5896408236.92281,6400544280.71445,6863586481.18159,7469814124.06061
Guyana,GUY,"Population, total",SP.POP.TOTL,764832,764477,763652,763101,762418,760914,758966,756861,754606,752094,749256,746153,746288,750021,754229,758781,763548,768479,791556,807665,807481,815482,821637,826353,831087,835986
Guyana,GUY,"GNI, PPP (current international $)",NY.GNP.MKTP.PP.CD,4371184780.04441,4552080465.29619,4668080559.50994,4765181982.75466,5005108959.13332,5093577932.83311,5406977185.38263,6113073720.49852,6335114799.4975,6601444569.37286,7021544808.34952,7491848905.65813,7977453337.0076,8457592198.47241,8460278228.58677,8706492196.71085,8703062025.48157,9244771244.88701,9645354693.79021,10522430015.0071,13318361137.6511,14933574708.5659,29648575311.0701,36096924748.5285,57050509744.0763,67128957533.4506
Haiti,HTI,"Population, total",SP.POP.TOTL,8303151,8455918,8607641,8759912,8910263,9061273,9216562,9373296,9530774,9689581,9803294,9914904,10069771,10222362,10373235,10523242,10671457,10817754,10962362,11105163,11243848,11374586,11503606,11637398,11772557,11906095
Haiti,HTI,"GNI, PPP (current international $)",NY.GNP.MKTP.PP.CD,18478627663.4449,18827176815.1099,19307173379.7885,20361161160.8598,20649462409.946,21886148751.5878,23095118213.2825,24821686022.48,25980008663.9588,27695827067.4558,26468644234.5917,28421083478.0413,28612762449.9411,31167302933.5683,32008772012.9397,31928717824.8398,34837480265.1542,36264719873.2019,35153803429.1649,36066006276.0502,34960472097.1829,35489597915.304,37376320125.3139,38000503913.4562,37311384780.8335,37318015061.208
Honduras,HND,"Population, total",SP.POP.TOTL,6577773,6757993,6938859,7119213,7298994,7478355,7656832,7834798,8012587,8189899,8365878,8540583,8715076,8889278,9063122,9237305,9412380,9588137,9765210,9943633,10119640,10289877,10463872,10644851,10825703,11005850
Honduras,HND,"GNI, PPP (current international $)",NY.GNP.MKTP.PP.CD,16492014755.3982,17272844271.0455,18120696348.0501,19186732780.7053,20782175968.9818,22838097542.4567,25037632786.0842,27778436916.951,29604298544.1459,29347753583.4715,29988648102.1266,31543206984.345,32581695561.8471,34186057817.2571,37173568050.5843,41708776073.2332,45399704059.0202,50592245897.6364,50677251146.5412,53040096379.594,50629344639.7275,58459938736.4579,65520412662.7085,70532715238.1904,75033074490.0375,79972399535.3631
"Hong Kong SAR, China",HKG,"Population, total",SP.POP.TOTL,6665000,6714300,6744100,6730800,6783500,6813200,6857100,6916300,6957800,6972800,7024200,7071600,7150100,7178900,7229500,7291300,7336600,7393200,7452600,7507900,7481000,7413100,7346100,7536100,7524100,7498900
"Hong Kong SAR, China",HKG,"GNI, PPP (current international $)",NY.GNP.MKTP.PP.CD,189627537411.989,197889595717.366,200982609867.733,215239084640.244,239225987506.787,260814929763.246,293014867246.612,323029282385.357,345014780659.172,329373503911.193,352888304893.93,379780810643.688,378267055024.931,391476383516.671,402243321787.729,416187562392.145,426902050223.732,457163101472.426,475445146515.694,482863342666.619,460692239607.54,522255401707.345,537194000255.457,584665317093.013,623260704142.671,663621067239.972
Hungary,HUN,"Population, total",SP.POP.TOTL,10210971,10187576,10158608,10129552,10107146,10087065,10071370,10055780,10038188,10022650,10000023,9971727,9920362,9872734,9833038,9797755,9759755,9726756,9706964,9694824,9670419,9630932,9605074,9592186,9562065,9514251
Hungary,HUN,"GNI, PPP (current international $)",NY.GNP.MKTP.PP.CD,114249791611.154,126979152072.955,139328799563.898,147985982674.654,154312661100.29,161680232890.956,173557394925.489,177463977231.191,194383618898.632,198504224041.433,206941388432.693,218612164062.66,220950356719.575,236093783815.564,242613014781.427,251546360409.468,267987006387.463,277856155422.733,301446064819.147,337145318700.371,336665601252.58,363433777993.332,413219810010.079,431435624886.594,455120274147.648,462723588241.031
Iceland,ISL,"Population, total",SP.POP.TOTL,281205,284968,287523,289521,292074,296734,303782,311566,317414,318499,318041,319014,320716,323764,327386,330815,335439,343400,352721,360563,366463,372520,382003,385663,386506,392404
Iceland,ISL,"GNI, PPP (current international $)",NY.GNP.MKTP.PP.CD,8219310306.30022,8896410307.14393,9434587602.38538,9417892573.87266,10050838835.0438,10775572143.6198,11388322108.5479,12356365105.6742,11339081316.9188,11198646438.3538,10868891219.3024,11667122597.753,12509879156.1542,14417116263.3684,15069701288.585,16441558138.2307,18541019260.5225,19416111155.0044,20693688353.2286,22642328086.2532,21465238725.9554,23340872552.2695,28913526227.3635,31404366479.4948,32008983246.1156,32666663297.394
India,IND,"Population, total",SP.POP.TOTL,1057922733,1077898575,1097600380,1116803006,1135991513,1154676322,1172878890,1190676021,1207930964,1225524753,1243481564,1261224954,1278674502,1295829511,1312277191,1328024498,1343944296,1359657400,1374659064,1389030312,1402617695,1414203896,1425423212,1438069596,1450935791,1463865525
India,IND,"GNI, PPP (current international $)",NY.GNP.MKTP.PP.CD,2124894520507.61,2282189538544.94,2410746272621.89,2649598559710.61,2937617961019.6,3269213807039.77,3639334537399.8,4039426975433.41,4236515276804.46,4597778323553.26,5024274679050,5407499730385.48,5913270509389.51,6230082834829,6536444230084.47,6913931060071.12,7482133947824.29,8024243304296.26,8866674604956.88,9551961172390.01,9358949268067.87,10923148862981.3,12564139444406.3,13967949305292.8,15351864612609.9,16982817599656.3
Indonesia,IDN,"Population, total",SP.POP.TOTL,216077790,219097902,222088495,225048008,227926649,230871650,233951652,237062337,240157903,243220028,246305322,249470032,252698525,255852467,258877399,261799249,264627418,267346658,269951846,272489381,274814866,276758053,278830529,281190067,283487931,285721236
Indonesia,IDN,"GNI, PPP (current international $)",NY.GNP.MKTP.PP.CD,935920239950.612,1022914407434.8,1093624786139.9,1158262502345.02,1239576234042.36,1347290623876.32,1474565524699.66,1613100438488.2,1753214877789.08,1846711200179.28,2002715927453.45,2167767372892.09,2340312301664.77,2448797153726.68,2518156676015.79,2538121217610.44,2628825069015.53,2766768816137.46,2978437369938.81,3166892074842.77,3134895515994.82,3434771286486.53,3874874456048.48,4223544080082.65,4548747409327.12,4911586186266
"Iran, Islamic Rep.",IRN,"Population, total",SP.POP.TOTL,66418659,67452005,68011317,68769340,70256316,71828455,73392747,74602648,75514204,76457825,77420842,78383598,79370580,80414686,81502045,82619362,83812228,85026754,86117998,87051648,87723443,88455488,89524246,90608707,91567738,92417681
"Iran, Islamic Rep.",IRN,"GNI, PPP (current international $)",NY.GNP.MKTP.PP.CD,744212177570.627,779549450902.802,855972523248.297,947492811590.448,1012013970157.98,1076858822644.21,1167883710543.68,1300017267203.38,1329050700705.85,1346427353527.32,1442389492074.18,1511953816956.48,1359464356286.46,1311917899500.25,1315807251929.49,1180114697799.25,1274483267107.27,1339181329638.15,1326043865787.76,1213902472139.53,1326609118428.49,1404692150403.59,1567272281882.69,1712109580458.76,1817818359295.26,1816575652549.76
Iraq,IRQ,"Population, total",SP.POP.TOTL,24424056,25197840,26006559,26802659,27577878,28407448,28616515,28391607,28971036,30058206,31045366,32161424,33654842,35281989,36550059,37560535,38469627,39337353,40265624,41192171,42116605,43071211,44070551,45074049,46042015,47020774
Iraq,IRQ,"GNI, PPP (current international $)",NY.GNP.MKTP.PP.CD,257941168481.689,268185457060.797,242961483275.773,159966947575.889,256546639546.797,271345854406.633,296572365447.398,311260922250.738,346669160050.173,361028306855.34,382676259905.398,414738530059.061,487053165623.607,515196414391.211,478553306060.227,347420032524.247,346000767006.376,397827839704.259,480834490892.089,502027631920.133,440889812778.241,542973889892.427,632036568419.777,663385490030.267,670107929379.54,671973305389.174
Ireland,IRL,"Population, total",SP.POP.TOTL,3805174,3866243,3931947,3996521,4070262,4159914,4273591,4398942,4489544,4535375,4560155,4580084,4599533,4623816,4657740,4701957,4762722,4827445,4898022,4976456,5039747,5110585,5212836,5311538,5395790,5484367
Ireland,IRL,"GNI, PPP (current international $)",NY.GNP.MKTP.PP.CD,100231416650.859,107579384948.326,116111294637.356,125003541804.448,136067174304.948,145786461890.646,165733064744.437,177917780724.93,171652233529.25,157204665418.204,165424563162.552,169798036831.655,173788335649.858,189945826574.033,206741352386.511,261254856821.039,282964798706.768,304501202786.992,320536438386.598,345147378998.493,359416810454.887,425512527680.063,493354305801.597,528134719106.132,570698774723.51,583044676257.939
Isle of Man,IMN,"Population, total",SP.POP.TOTL,75659,76476,77275,78049,78792,79516,80294,81147,82029,82939,83873,84382,84335,84141,83892,83593,83466,83609,83805,83957,84064,84106,84132,84165,84160,84118
Isle of Man,IMN,"GNI, PPP (current international $)",NY.GNP.MKTP.PP.CD,..,..,..,..,..,..,..,..,..,..,..,..,..,..,..,..,..,..,..,..,..,..,..,..,..,..
Israel,ISR,"Population, total",SP.POP.TOTL,6289000,6439000,6570000,6689700,6809000,6930100,7053700,7180100,7308800,7485600,7623600,7765800,7910500,8059500,8215700,8380100,8546000,8713300,8882800,9054000,9215100,9371400,9557500,9849000,10002200,10122800
Israel,ISR,"GNI, PPP (current international $)",NY.GNP.MKTP.PP.CD,154757696673.521,162509654640.777,168680816513.009,162025570364.201,174775134996.907,178570023113.117,187392684677.741,205088866986.839,203670571640.241,207687140690.306,222799464405.144,242449810799.787,253056093531.862,277698654483.345,286552951524.812,300331065960.741,325684140022.294,344344524904.222,359218941232.3,374156930663.498,377092261165.222,429022841901.279,511804513121.325,542145644467.661,569753435770.621,595971240835.353
Italy,ITA,"Population, total",SP.POP.TOTL,56942108,56976981,57089824,57399184,57828179,58166682,58399861,58756247,59211181,59555454,59819407,60026841,60191247,60311613,60320707,60229605,60115223,60002252,59877221,59729081,59438851,59133173,59013667,58984216,58952704,58915656
Italy,ITA,"GNI, PPP (current international $)",NY.GNP.MKTP.PP.CD,1540213716298.63,1598103904885.33,1638758016196.94,1670811998214.81,1707786110266.65,1755761227122.14,1902752660317.71,2005566052541.5,2078048064678.31,2053307053828.88,2087565623755.41,2178908034538.62,2181044921235.04,2195138878528.25,2211701440152.29,2236072446777.69,2440210322263.84,2542276723269.48,2637763186288.11,2809288457557.42,2674820968792.9,2979012594426.2,3410466268666.81,3542081472018.41,3664378355210.82,3704288722297.34
Jamaica,JAM,"Population, total",SP.POP.TOTL,2607826,2624403,2640572,2656623,2672225,2687066,2700968,2713800,2725635,2736995,2748568,2760494,2772430,2783687,2793749,2802534,2809915,2815764,2820097,2823271,2830739,2837682,2839144,2839786,2839175,2837077
Jamaica,JAM,"GNI, PPP (current international $)",NY.GNP.MKTP.PP.CD,17121065969.1548,17589047786.6522,17953799108.6281,19011781845.5959,19847886736.0915,20593394558.9224,22031442481.7603,22950395382.1428,23439562259.7703,22255261254.3172,22590447689.5285,23490621691.8423,24169266421.0727,24773638544.5975,25205490059.9954,25776322909.1939,26836826388.845,28685066865.9872,29251538736.1654,29824455016.3667,26803027990.8405,28822848789.7974,33111850688.8762,35469998176.0269,35999412571.0222,37130703258.3957
Japan,JPN,"Population, total",SP.POP.TOTL,126843000,127149000,127445000,127718000,127761000,127773000,127854000,128001000,128063000,128047000,128070000,127833000,127629000,127445000,127276000,127141000,127076000,126972000,126811000,126633000,126261000,125681593,125124989,124516650,123975371,123366734
Japan,JPN,"GNI, PPP (current international $)",NY.GNP.MKTP.PP.CD,3562932240781.27,3660171332392.64,3756204390071.22,3859227416597.43,4054055894096.17,4239232051727.82,4458299628542.86,4663398163510.66,4686034366622.67,4441516794251.5,4687332836398.88,4798433298343.88,4979189821214.44,5252128934445.79,5312885690920,5509187220183.68,5448425069329.84,5571576673955.69,5668730147349.47,5751118100966.63,5696454572771.84,6047340036071.9,6526376410923.94,6942980283952.34,7122704722532.59,7268805177387.08
Jordan,JOR,"Population, total",SP.POP.TOTL,5386945,5498894,5616066,5741828,5882061,6029587,6427371,6827227,6989866,7141753,7297043,7480424,7587127,7991809,8791710,9544729,10006367,10234226,10462306,10671891,10865228,11066356,11256263,11439213,11552876,11520684
Jordan,JOR,"GNI, PPP (current international $)",NY.GNP.MKTP.PP.CD,33752610560.6393,36526391062.3444,38870605461.4729,41488527795.4205,46708175692.6673,52223273956.4139,58360524233.9549,65037062721.7404,70132506888.2566,74002422899.5332,75301507573.1485,79010061024.2321,80500768410.9312,85466261060.7159,87533810971.0851,93071810967.5524,95193096792.8462,103304060144.329,103036217090.26,109998992025.911,113863142116.831,110780941554.24,121395321278.552,130187082436.004,134805273363.361,143275762082.476
Kazakhstan,KAZ,"Population, total",SP.POP.TOTL,15501103,15575550,15656677,15747380,15850159,15968117,16103716,16257214,16426525,16619846,16836810,17066002,17306106,17556502,17816285,18084169,18363600,18651931,18932727,19209555,19482117,19743603,20034609,20330104,20592571,20843754
Kazakhstan,KAZ,"GNI, PPP (current international $)",NY.GNP.MKTP.PP.CD,107830048320.836,126859765758.846,142859800963.769,157229242133.051,174899659580.716,190656958733.738,213185923038.074,236281675035.843,242614725774.944,257880263794.402,272791206927.113,294494040832.3,319796289189.58,372719753836.891,383081425056.159,380991411579.698,381362825184.343,398521428235.443,416956243074.162,482170629356.042,515583355280.464,570697688561.65,636451724419.569,705139779031.724,775752198401.852,856512602389.693
Kenya,KEN,"Population, total",SP.POP.TOTL,30642890,31619170,32629808,33652223,34713455,35796484,36904008,38036349,39206351,40408891,41598567,42758461,43888303,44986791,46051440,47088526,48139687,49197766,50207107,51202827,52217334,53219166,54252461,55339003,56432944,57532493
Kenya,KEN,"GNI, PPP (current international $)",NY.GNP.MKTP.PP.CD,57977561047.5064,61469779097.6584,62868335622.3251,65893484968.1422,71247619251.3414,78327850690.7172,85787140781.8354,93999273528.7929,96338850220.9809,87506739516.3079,96202675493.7324,105284725887.098,111203385043.76,123488990916.32,137250578495.32,156100504955.454,186000269591.319,201600741005.068,218150951745.001,236169875961.746,248575224867.849,280169164036.839,314221885988.451,343528351672.258,366773622401.351,397306134792.215
Kiribati,KIR,"Population, total",SP.POP.TOTL,88613,90335,92264,94175,96085,98035,100017,102068,104222,106467,108704,110647,112284,113838,115326,116815,118478,120275,122084,123921,126099,128377,130469,132530,134518,136488
Kiribati,KIR,"GNI, PPP (current international $)",NY.GNP.MKTP.PP.CD,226628410.735448,243328700.057856,236495130.43638,216254877.38338,220282727.393266,223733976.817391,241015606.396046,257932669.111834,259967266.409126,248646179.991338,269583723.620137,269301208.28258,313476256.443069,371341241.747784,430464393.00843,525104318.357866,489141424.668934,544314609.038125,563218718.755296,649833713.524765,585172179.992242,607924109.010744,654339990.461177,766490502.233167,773412423.982555,829884705.660575
"Korea, Dem. People's Rep.",PRK,"Population, total",SP.POP.TOTL,23665910,23815358,23943973,24090380,24254943,24396433,24524507,24646383,24764618,24878332,24987258,25097874,25211728,25329451,25451262,25575350,25698326,25817709,25931147,26037632,26136312,26232534,26328845,26418204,26498823,26571036
"Korea, Dem. People's Rep.",PRK,"GNI, PPP (current international $)",NY.GNP.MKTP.PP.CD,..,..,..,..,..,..,..,..,..,..,..,..,..,..,..,..,..,..,..,..,..,..,..,..,..,..
"Korea, Rep.",KOR,"Population, total",SP.POP.TOTL,47008111,47370164,47644736,47892330,48082519,48184561,48438292,48683638,49054708,49307835,49554112,49936638,50199853,50428893,50746659,51014947,51217803,51361911,51585058,51764822,51836239,51769539,51672569,51712619,51751065,51684564
"Korea, Rep.",KOR,"GNI, PPP (current international $)",NY.GNP.MKTP.PP.CD,898455762447.053,962027422683.677,1052666401297.97,1093985372262.72,1183647247484.2,1252868517546.46,1351129136283.6,1469355509432.27,1531422564561.55,1513465339976.88,1643600271106.33,1705122447967.69,1777721878529.6,1818591284994.7,1887934894422.04,2036146853070.17,2141790582760.39,2225144832612.14,2356598322355.61,2427242486630.21,2502426460819.8,2705643708542.36,2902939746809.45,3012598235210.35,3205074833007.56,3318637572220.65
Kosovo,XKX,"Population, total",SP.POP.TOTL,1802493,1820009,1829462,1826434,1822773,1818354,1813079,1807094,1800858,1794681,1788743,1791949,1807126,1818119,1812788,1788274,1777568,1791019,1797086,1788891,1790151,1786079,1768096,1682668,1594353,1576876
Kosovo,XKX,"GNI, PPP (current international $)",NY.GNP.MKTP.PP.CD,..,..,..,..,..,..,..,..,11970551239.3933,12297277990.5203,13056653469.6242,14275227213.9172,14728893012.8234,15062478449.5548,15183336426.1455,15839094174.505,16478147987.9339,17138132288.9513,18309703085.0368,19871495285.7317,19311373254.5962,22500265186.822,24982860679.0682,27162343055.4811,29201451560.6585,30990210317.6833
Kuwait,KWT,"Population, total",SP.POP.TOTL,1954709,2008121,2059974,2109881,2157320,2236788,2364733,2507887,2651421,2795484,2943372,3132814,3337109,3507844,3665876,3834574,4004096,4154812,4323515,4442316,4400267,4360865,4589643,4853420,4897263,4865298
Kuwait,KWT,"GNI, PPP (current international $)",NY.GNP.MKTP.PP.CD,135127231970.587,134097369790.717,133790645397.984,157494759766.235,183779561281.958,210887016489.472,237950481720.486,254103946538.956,256981831852.683,238589198742.211,237517685785.747,262477464627.034,293924294294.753,291039904077.543,274605794800.983,192809871157.239,187196953122.996,223571323259.458,251476952994.584,257548097627.101,209324759229.914,256825284344.235,288374039005.88,307901882195.203,313627143949.073,..
Kyrgyz Republic,KGZ,"Population, total",SP.POP.TOTL,4898362,4945073,4990704,5043308,5104713,5162640,5218373,5268385,5318729,5389643,5467059,5546587,5652076,5777150,5905848,6040036,6175338,6306696,6444079,6590211,6726596,6851224,6975220,7099750,7221868,7343064
Kyrgyz Republic,KGZ,"GNI, PPP (current international $)",NY.GNP.MKTP.PP.CD,8574093442.94528,9441110328.09484,9613619257.62379,10532791828.8758,11410264808.12,11874938103.8024,12867555046.3668,14399072983.3913,15475291688.5617,16045809286.1189,15744537647.3204,16250508927.9969,19763594067.106,21781204155.0348,23938543159.596,24107226487.1405,26936738702.4326,29734454047.9453,29855076652.9602,32049071926.4371,33754069424.9226,36657778444.8601,44850080470.6092,51194190348.9782,58494133684.2248,66939412983.6606
Lao PDR,LAO,"Population, total",SP.POP.TOTL,5431212,5521482,5610889,5697945,5781626,5869523,5963200,6056236,6148969,6241642,6334194,6426590,6518978,6611385,6703172,6801645,6908802,7018147,7128045,7237636,7346533,7453194,7559007,7664993,7769819,7873046
Lao PDR,LAO,"GNI, PPP (current international $)",NY.GNP.MKTP.PP.CD,9344578063.22666,10124352207.5818,10917896454.068,11570362577.4446,12838232653.7824,14432668303.7828,15644388412.6254,17659114102.8792,19166666406.2327,21137008894.1013,22379319075.9029,24562505655.0219,29306461052.0083,32664639816.9345,37153604686.9304,39554381323.8111,44583344866.2946,47477587535.3192,51055350809.9477,52799613653.0267,54680747375.074,56795189946.6876,61297259863.048,66072641637.43,71240210148.7227,77168272174.9433
Latvia,LVA,"Population, total",SP.POP.TOTL,2367550,2337170,2310173,2287955,2263122,2238799,2218357,2200325,2177322,2141669,2097555,2059709,2034319,2012647,1993782,1977527,1959537,1942248,1927174,1913822,1900449,1884490,1879383,1883710,1866124,1847785
Latvia,LVA,"GNI, PPP (current international $)",NY.GNP.MKTP.PP.CD,18559109535.2637,20648724981.3635,22144565480.2501,23202898254.976,25064865359.9119,28404949748.6336,30626208944.1598,34624773987.2635,37473786246.7045,35676217135.3638,34695968942.3658,36376410348.2367,39211847387.6791,41109950454.1701,43024863248.3628,44352907490.8892,47087028240.1491,49897554652.0082,56515497080.2011,60753068974.2852,62250704753.1448,68258002378.7359,74864961538.5428,78730692294.8433,79597938082.0417,84516532104.5619
Lebanon,LBN,"Population, total",SP.POP.TOTL,4329340,4401918,4463504,4525508,4599279,4671102,4751136,4844118,4925354,4992287,5041288,5096020,5235742,5743436,6346990,6472469,6323060,6160128,5984119,5794594,5702398,5718122,5744489,5773493,5805962,5849421
Lebanon,LBN,"GNI, PPP (current international $)",NY.GNP.MKTP.PP.CD,35005237230.4633,36336200168.2615,36583038550.6447,33670756447.4518,42493424467.1089,46373281777.7464,49331110463.3677,56658858246.8081,62061994985.7465,67404774464.5144,73142445360.9881,75853128477.2818,84015613944.9094,93271028259.6057,101209930369.207,109205391742.508,117847615338.494,128630325525.231,128897709470.897,122762945887.814,89752695886.407,60901770631.7641,67257185023.2501,71849901195.1292,68478885041.6704,..
Lesotho,LSO,"Population, total",SP.POP.TOTL,2003913,2000853,1994679,1985059,1971129,1953076,1945063,1953268,1966541,1980883,1996251,2014009,2034354,2056504,2080089,2104611,2130422,2157110,2183603,2209405,2235727,2261542,2286110,2311472,2337423,2363325
Lesotho,LSO,"GNI, PPP (current international $)",NY.GNP.MKTP.PP.CD,3250090017.77997,3907235937.81759,4000674020.36642,4210712240.44666,4219781980.95984,4260620180.77727,4395861098.44629,5261012366.2159,5497323254.06026,5312982472.43902,5523469302.59735,5495695560.89784,5442453768.64116,5995666543.66505,6422263721.03697,7143024232.48379,7116435555.77473,6416294205.94538,6841858848.40062,6702824655.898,6802541710.06948,6712825733.14509,7577825518.71591,8137658851.89494,8716433315.28805,9215503898.86314
Liberia,LBR,"Population, total",SP.POP.TOTL,2928117,3015338,3094782,3119532,3156892,3301015,3490787,3669050,3821003,3943028,4058890,4221178,4373043,4470239,4564293,4659431,4755608,4848925,4944726,5043721,5149463,5259323,5373294,5493031,5612817,5731206
Liberia,LBR,"GNI, PPP (current international $)",NY.GNP.MKTP.PP.CD,2498831533.40983,2460983779.76158,2580854954.39421,1776563090.53366,1916878782.80727,2136155310.68778,2459200516.94452,2841993430.28678,3173114879.26292,3401482060.59194,3620990519.16633,4164518138.6144,4584622445.87341,5503143717.30233,5807179871.89274,5703744574.74883,6501423381.49662,7352018132.18436,7762959820.52498,8559670146.84906,7770366647.73586,7603063784.80788,8340826871.77091,9117129317.07905,9739863648.31888,10566238173.2743
Libya,LBY,"Population, total",SP.POP.TOTL,5305021,5403639,5508410,5619398,5736693,5858798,5980211,6104380,6235430,6366686,6497839,6343203,6179328,6304628,6427252,6531819,6632126,6738770,6849055,6951033,7045399,7135175,7223805,7305659,7381023,7458555
Libya,LBY,"GNI, PPP (current international $)",NY.GNP.MKTP.PP.CD,101422415157.074,101386956453.298,111931934758.996,129968340328.206,136403950893.254,155977105646.836,172933948070.621,191111998682.637,193690633571.246,186554772529.982,196380140655.172,99691267237.2912,162311066927.766,132615838788.126,113680018017.203,119908446537.807,114179713789.122,123792212503.516,130975740057.458,115539876435.484,78486950436.8636,88823039536.3427,88851768449.6492,106258476798.058,112173826289.067,127881510019.119
Liechtenstein,LIE,"Population, total",SP.POP.TOTL,32645,33194,33694,34079,34447,34753,35037,35262,35473,35742,36022,36312,36657,36984,37248,37494,37716,37962,38246,38563,38901,39182,39493,39846,40450,41024
Liechtenstein,LIE,"GNI, PPP (current international $)",NY.GNP.MKTP.PP.CD,..,..,..,..,..,..,..,..,..,..,..,..,..,..,..,..,..,..,..,..,..,..,..,..,..,..
Lithuania,LTU,"Population, total",SP.POP.TOTL,3499536,3470818,3443067,3415213,3377075,3322528,3269909,3231294,3198231,3162916,3097282,3028115,2989139,2961250,2937253,2911109,2877325,2842639,2819200,2811089,2810369,2808380,2831639,2871585,2888278,2888774
Lithuania,LTU,"GNI, PPP (current international $)",NY.GNP.MKTP.PP.CD,29125494785.0871,32183439902.9849,35073570720.9045,38834937776.5784,41576120409.112,45581961673.028,49727689939.0063,55792214025.3133,60118263129.0041,55157758748.2651,57595706911.4032,63354337657.7531,67398184931.0768,72103720548.8253,76271686347.3249,75661033747.2289,79679561983.2425,85813134927.8187,99782564596.3011,110504359505.807,112856147854.895,124577385011.229,137750599761.378,146789167585.054,156928895812.969,158925019477.968
Luxembourg,LUX,"Population, total",SP.POP.TOTL,436300,441525,446175,451630,458095,465158,472637,479993,488650,497783,506953,518347,530946,543360,556319,569604,582014,596336,607950,620001,630419,640064,653103,666430,677012,686970
Luxembourg,LUX,"GNI, PPP (current international $)",NY.GNP.MKTP.PP.CD,21282400183.3543,22075915417.9645,22046814197.7605,22009907906.943,26739217225.9487,29141028336.9067,29846269789.6808,34738627852.3993,34794463610.1528,27592982634.9687,31123056219.7727,33946894207.153,39411330076.4234,39343582938.4733,42551389036.5531,39536868192.2836,43719406405.0222,49076634720.7978,50751355337.5916,51589466970.6509,53352454537.4283,59296126454.1674,62088081113.2566,68970898026.0593,69107100599.6964,73255242650.9184
"Macao SAR, China",MAC,"Population, total",SP.POP.TOTL,430600,433900,438400,443600,454700,473500,498900,520900,540700,535000,537000,549600,567900,591900,621700,642900,652500,648400,658900,672000,685400,682500,677300,678800,687000,685900
"Macao SAR, China",MAC,"GNI, PPP (current international $)",NY.GNP.MKTP.PP.CD,13665577764.0213,15601343090.9147,17186226458.0218,19287793624.7146,24238166353.1834,26684972818.3218,29856545063.7547,38597099420.7649,36402304584.5106,37777775511.5165,47286331319.3912,56965391598.5853,63627051285.0857,73641367832.9068,75841521433.1184,62389534170.0022,63339554528.8988,69623303280.8131,75214742656.6377,74672976869.742,46486015216.1353,49817441551.828,51050275022.7475,76681190924.6843,86305188732.5913,..
Madagascar,MDG,"Population, total",SP.POP.TOTL,16516338,17032939,17549913,18071854,18606608,19159707,19730909,20318583,20923840,21547280,22183340,22822300,23462438,24109290,24764348,25426702,26099952,26788375,27494926,28219554,28953556,29691083,30437261,31195932,31964956,32740678
Madagascar,MDG,"GNI, PPP (current international $)",NY.GNP.MKTP.PP.CD,20226675843.4217,21783407147.9019,19189558963.3882,21759947441.4351,23459470193.6975,25184938700.2699,27304558080.8143,30037268627.8195,32696809702.4311,31399380400.0979,31890284258.5831,33049341711.3734,33239357182.3898,34312167407.7598,36230900268.4993,36789959046.4754,39354407588.6816,40325308452.2989,41295196518.6042,44031268662.1619,41880984446.0639,45987524741.8724,50984766600.2161,55213046009.9108,58713452073.5905,62443529234.4689
Malawi,MWI,"Population, total",SP.POP.TOTL,11315942,11593058,11880440,12181574,12500737,12840031,13198701,13576343,13976417,14395788,14826463,15265022,15709577,16161816,16621538,17085587,17557739,18039715,18528081,19025752,19533888,20047258,20568728,21104482,21655286,22216120
Malawi,MWI,"GNI, PPP (current international $)",NY.GNP.MKTP.PP.CD,10967988710.5578,10613219821.8129,10967563577.8073,11820214202.2694,12793761226.9458,13647839479.8247,14744687735.591,16652352813.8005,18276421730.9493,19853474149.1382,21382494189.0897,22915931818.6233,22646322341.3545,24682055095.2965,24567360225.6285,23401060114.5872,24683438880.3585,24319524417.2363,24447114084.0444,26922512817.6802,28736972626.2164,32815116977.4372,35469816344.5201,38121906177.9226,39623442800.7299,41737959507.2916
Malaysia,MYS,"Population, total",SP.POP.TOTL,22967816,23526538,24102477,24679602,25256772,25836071,26417909,26998389,27570059,28124778,28655776,29162039,29662831,30174265,30696137,31232798,31789685,32355644,32910967,33440596,33889558,34282399,34695493,35126298,35557673,35977838
Malaysia,MYS,"GNI, PPP (current international $)",NY.GNP.MKTP.PP.CD,274938150869.035,285179974739.22,307619450324.162,335962587951.774,369311222765.906,404342605066.194,447027175593.759,492058984642.608,520994566240.353,521583519096.961,560249873966.652,607129184341.237,646742063628.785,675552931089.512,721419359281.208,745127443891.493,781577863648.754,830616712225.639,886229675871.267,942305740205.814,912385819021.018,994571002411.833,1156144791895.42,1242881775016.11,1333657896403.6,1441724780295.46
Maldives,MDV,"Population, total",SP.POP.TOTL,282019,286767,291616,296491,301413,306429,313851,324479,336170,348275,360792,373674,386818,400070,413617,428154,443308,458287,473099,487731,502118,516154,524106,525994,527799,529676
Maldives,MDV,"GNI, PPP (current international $)",NY.GNP.MKTP.PP.CD,2289059786.49439,2295542181.02228,2507794805.74733,2881268820.99659,3154056807.36992,2894370802.29889,3691420595.20783,3540903420.60032,4054442991.95072,3804608506.25438,4059332936.51624,4581869137.67773,4898440921.51596,5429520895.22034,6249340935.58631,7037133807.49488,7654801124.56947,8352918250.63352,9416623730.72543,10155050563.8432,6185879530.85131,8831908207.399,10610831657.5068,11556604292.6298,12259755670.9075,13559159361.9387
Mali,MLI,"Population, total",SP.POP.TOTL,11559290,11912158,12288050,12684955,13102409,13538647,13990139,14457775,14940782,15435539,15945198,16469049,16957033,17459615,18020267,18593022,19191289,19813011,20442030,21068405,21713836,22388630,23072640,23769127,24478595,25198821
Mali,MLI,"GNI, PPP (current international $)",NY.GNP.MKTP.PP.CD,15546115226.8092,17819614070.9904,18419923728.0485,21131715775.4987,21986170127.1608,23304521966.9183,24819453472.7117,25975246806.1088,27515643360.0195,28883485534.0532,31018211177.8956,32690987695.1467,32697879335.892,34966467677.0299,38485057534.7249,42504006283.2745,47501152885.1243,50233507783.1839,53500303986.4053,57392420811.6517,57031091745.7238,60363026797.7792,67125527948.2122,72727280315.0847,79105036207.8907,85762138094.5082
Malta,MLT,"Population, total",SP.POP.TOTL,390087,393028,395969,398582,401268,403834,405308,406724,409379,412477,414508,416268,420028,424810,433481,444220,454505,467106,483903,503912,515490,518150,531113,552747,568847,579704
Malta,MLT,"GNI, PPP (current international $)",NY.GNP.MKTP.PP.CD,6913432788.7907,7358876578.85525,7863434640.28813,8338780349.40968,8699417741.19461,8588192901.02244,9060895967.60118,9910538094.65093,10637519209.1083,10306031546.2364,11278952596.859,11744675388.8619,12276896871.7718,13018677179.7898,14121521674.9863,15862191227.6865,16562746481.327,19794786760.6917,21171971023.2073,23457871473.7234,21872638885.8868,25650550487.7962,29381097165.382,32583319326.7645,34895395867.2247,37621034667.7997
Marshall Islands,MHL,"Population, total",SP.POP.TOTL,50706,51123,51425,51639,51791,51906,51992,52035,52030,52019,52044,51907,51419,50681,49796,48800,47709,46529,45285,44007,42706,41367,40077,38827,37548,36282
Marshall Islands,MHL,"GNI, PPP (current international $)",NY.GNP.MKTP.PP.CD,164746072.277194,178508177.042499,182200404.280151,184053597.84019,189555880.689952,203220095.967004,204832315.700786,219460619.936886,209497703.010294,213994346.238773,221502005.937853,222140500.938386,213688688.995808,231876938.233438,239654508.450482,265415193.819622,263638846.899427,268392982.145821,288528804.974989,322793827.163683,311343120.973129,306677410.722827,340298558.87615,351021767.903093,366372263.493547,384378723.741747
Mauritania,MRT,"Population, total",SP.POP.TOTL,2613441,2678760,2738655,2802046,2868664,2939059,3013660,3093059,3183269,3284448,3390965,3502811,3619034,3734318,3848514,3965959,4086657,4210600,4337685,4467708,4600131,4734874,4875637,5022441,5169395,5315065
Mauritania,MRT,"GNI, PPP (current international $)",NY.GNP.MKTP.PP.CD,6068532659.57895,5990718665.79445,6491011173.83301,7054461059.5653,7583984874.35129,8443024933.3385,9874082107.12163,9993755881.18558,10254166191.2625,10492362532.1509,10640046566.386,11182344376.6423,12170143865.2569,13896769693.3573,14304630920.5571,15313401560.133,18788148112.8125,22219271698.3277,23429074665.3323,24758929939.7304,26070236684.5379,27197391809.7867,31422936847.9221,35042712798.6148,37781614903.3733,40591240880.2928
Mauritius,MUS,"Population, total",SP.POP.TOTL,1186873,1196287,1204621,1213370,1221003,1228254,1233996,1239630,1244121,1247429,1250400,1252404,1255882,1258927,1261208,1262879,1263747,1264887,1265577,1265985,1266014,1266334,1262523,1248647,1245779,1243741
Mauritius,MUS,"GNI, PPP (current international $)",NY.GNP.MKTP.PP.CD,10787671673.0829,11473137669.527,11837327476.2364,12687362633.0815,13632805957.4653,14323018428.1417,15334797780.4988,16983697563.1424,18101573869.0207,18470157165.6412,19738031189.3488,20775407620.5111,22463769132.2312,24176655293.2566,25331402975.578,26750913334.8479,28894705431.3641,30572876080.3116,31353492317.8413,32600476570.8995,29753940000.8833,32110022220.7566,37603734748.0272,41276659481.7408,43532633095.9135,46012855709.3287
Mexico,MEX,"Population, total",SP.POP.TOTL,98625552,100099099,101548624,102978515,104394131,105811504,107253666,108774360,110374288,111999721,113623895,115243504,116818208,118343573,119784261,121072306,122251351,123400057,124573711,125762982,126799054,127648148,128613117,129739759,130861007,131946900
Mexico,MEX,"GNI, PPP (current international $)",NY.GNP.MKTP.PP.CD,1130874637867.97,1154416739635.69,1179862637836.32,1228683583912.3,1309613284751.19,1382607362819.71,1536144014947.64,1608969429072.41,1707467194731.88,1675458068712.5,1787730792759.04,1960111493229.58,2059132523819.44,2088045247178.62,2200816239830.42,2251299552031.53,2393565436264.06,2464263194852.06,2538887671385.87,2562369414755.89,2375240560486.92,2584308612477.05,2906679541821.95,3186649128400.53,3284582473139.39,3308340614667.55
"Micronesia, Fed. Sts.",FSM,"Population, total",SP.POP.TOTL,112044,112365,112448,112285,111925,111412,110729,109880,108936,107957,107540,107698,107890,108121,108396,108716,109075,109481,109909,110282,110916,111624,112114,112630,113160,113683
"Micronesia, Fed. Sts.",FSM,"GNI, PPP (current international $)",NY.GNP.MKTP.PP.CD,270518557.525819,280241145.757711,284880881.183162,294955970.534965,297115613.544891,316302280.408301,324822470.752177,330240060.739992,323898277.96804,340335948.29535,342658054.317619,361146800.035546,367667946.724993,371688700.869103,368563365.650095,427777037.041909,426380362.441582,430298522.084667,401492439.65502,438852947.009481,472781639.340992,499236238.326322,507938477.460781,544060276.090119,564456719.682507,577580070.028254
Moldova,MDA,"Population, total",SP.POP.TOTL,2924668,2918135,2911385,2903198,2896023,2888985,2880967,2874299,2868833,2865213,2862354,2860699,2860324,2859558,2857815,2835978,2803186,2755189,2707203,2664224,2635130,2595809,2528654,2457783,2402306,2360527
Moldova,MDA,"GNI, PPP (current international $)",NY.GNP.MKTP.PP.CD,9276739424.86247,10272634151.5361,11464608340.0358,12625624242.5088,14141092661.4523,15658689129.1755,16694412766.4153,17328052233.9433,19113125314.9195,17488696410.0214,19425869148.4529,20903838967.2382,22703149376.8093,25784023124.4218,26860626186.3281,27587814323.6627,30562698896.897,32812846503.6326,33659492408.3635,37608242312.147,36852813939.9061,41500056971.4244,41747329304.0718,44322621917.3909,45061385705.1875,47182237594.7437
Monaco,MCO,"Population, total",SP.POP.TOTL,32455,32447,32422,32374,32307,32210,32057,31837,31836,32364,33163,33946,34711,35447,36128,36757,37276,37678,38154,38109,38050,38527,38931,38956,38631,38341
Monaco,MCO,"GNI, PPP (current international $)",NY.GNP.MKTP.PP.CD,..,..,..,..,..,..,..,..,..,..,..,..,..,..,..,..,..,..,..,..,..,..,..,..,..,..
Mongolia,MNG,"Population, total",SP.POP.TOTL,2388299,2417751,2449027,2480374,2508412,2536407,2567168,2601850,2643201,2691115,2738622,2786317,2839705,2899011,2963113,3026864,3088856,3148917,3208189,3267673,3327204,3383741,3433748,3481145,3524788,3568978
Mongolia,MNG,"GNI, PPP (current international $)",NY.GNP.MKTP.PP.CD,8890671236.88109,9387388696.67914,9968095057.54297,10833409619.1819,12327332270.1167,13430758279.0467,15152712991.8941,16975082316.4872,18690831653.5351,18340573413.151,18962670461.8617,22657114468.2463,26601520969.0058,28562863739.6618,29672852925.6573,29020289245.6155,29793059762.4745,30044557486.4567,35815075204.3467,39537294298.9466,41248123941.6026,42745618822.7807,50920179744.8163,55849487024.6509,59997791164.7247,65897194137.961
Montenegro,MNE,"Population, total",SP.POP.TOTL,604950,607389,609828,612267,613353,614261,615025,615875,616969,618294,619428,620345,621418,622587,623744,624651,625353,625982,626438,626753,626590,625053,623591,623529,623525,623129
Montenegro,MNE,"GNI, PPP (current international $)",NY.GNP.MKTP.PP.CD,3815697879.96754,4318609340.33757,4572066185.47498,4755904936.31132,5058003769.05151,5163050879.59281,6528450530.18943,7758234913.08478,8641191051.0586,8037604723.29878,8373117116.57989,8972578705.47627,8716468818.08452,9327161732.04581,9655220792.30884,10274286127.7976,11374218798.0926,12368512490.6426,13365337773.6982,15026164618.7723,13130963624.8967,15115220383.5264,17840836118.4167,20056841349.8787,21179840704.5947,22242787487.9095
Morocco,MAR,"Population, total",SP.POP.TOTL,28423435,28814643,29198142,29571415,29953018,30358144,30771178,31186468,31606767,32030778,32467016,32912588,33355241,33787571,34204780,34607588,35023457,35446392,35839760,36210898,36584208,36954442,37329064,37712505,38081173,38430770
Morocco,MAR,"GNI, PPP (current international $)",NY.GNP.MKTP.PP.CD,110777159657.607,122146220269.133,129048670417.396,139988583152.546,150823014641.091,161273625446.469,179016533314.627,190526799908.533,205509022082.445,212213024950.188,222295426289.56,238736288506.998,242387994141.512,255028755841.922,245928490112.9,269459001361.514,275101766505.828,287318074772.051,279423122593.695,291240192998.607,283373556615.165,319023680780.111,347628276654.7,373352508709.352,397373382491.676,427772752797.885
Mozambique,MOZ,"Population, total",SP.POP.TOTL,18129653,18537729,18958338,19392475,19840313,20304569,20787087,21287635,21819036,22391745,22999235,23649039,24337846,25051611,25788475,26547572,27337105,28166393,29018644,29884380,30783688,31707800,32656246,33635160,34631766,35631653
Mozambique,MOZ,"GNI, PPP (current international $)",NY.GNP.MKTP.PP.CD,8278278714.97116,9479044179.74819,9881984469.45183,11720838956.433,13070829035.5891,14053608878.1782,15488934577.3754,17345628422.639,18996564644.3446,20815844062.621,22279524666.9337,24715322986.1151,26066138540.6645,27806242133.8883,29727275560.9076,34338892387.9154,36965162204.3397,35096315868.4656,37731982369.6537,40763725958.9058,42579645403.3358,45234468975.6807,47765222250.927,51538907852.2191,52620435455.5058,54976883911.3739
Myanmar,MMR,"Population, total",SP.POP.TOTL,45290841,45771139,46232653,46667192,47068772,47438365,47785135,48125043,48390793,48660459,49024382,49419820,49837446,50262658,50681634,51089056,51495696,51894938,52272247,52640713,53016522,53387102,53756787,54133798,54500091,54850648
Myanmar,MMR,"GNI, PPP (current international $)",NY.GNP.MKTP.PP.CD,42948884474.1797,48865087220.5327,55618337127.8812,64573625967.2567,75297523706.6536,88210706187.5905,102832915574.78,118294492398.383,132934415391.164,147876628022.872,164099830158.548,176855940964.757,184018884775.18,201687488747.346,211662088194.259,219735640703.33,223681170227.684,236493477301.516,283679471737.098,310809770322.19,298600993353.129,272097982701.967,301603793968,314439980045.606,321289153654.702,322961434417.335
Namibia,NAM,"Population, total",SP.POP.TOTL,1818647,1857048,1889970,1917464,1942082,1966582,1991888,2018600,2047056,2077394,2109811,2146325,2194654,2252508,2312139,2374300,2439213,2506853,2577327,2650494,2728762,2810548,2889662,2963095,3030131,3092816
Namibia,NAM,"GNI, PPP (current international $)",NY.GNP.MKTP.PP.CD,9373814012.86428,9617827261.18183,10409298258.2473,11433359082.4411,12738599653.57,13087782248.1607,14559714773.9677,15407237330.1304,16149522618.1427,16257911536.3932,17075698855.8511,18530827058.6351,19727360420.0761,21790749740.3594,23827477872.8044,24809465414.0739,24391252952.4007,24338464104.0801,24458424743.3071,24844901951.7511,25419362967.3688,26257533214.0787,29445057655.3446,31803929440.3352,34330802630.7191,34834050902.2845
Naoero,NRU,"Population, total",SP.POP.TOTL,10168,10130,10082,10059,10060,10049,10034,10020,10009,10016,10043,10098,10267,10517,10742,10954,11150,11324,11477,11587,11643,11709,11801,11875,11947,12025
Naoero,NRU,"GNI, PPP (current international $)",NY.GNP.MKTP.PP.CD,70991725.6963294,67846358.7520297,61872525.4240481,63136295.4296412,62782678.3302061,63629979.9143341,71061366.4157129,60000670.1629279,65953124.0901003,65896465.0679262,68052735.4348087,82081790.6299374,100782916.491542,111349850.498144,128327315.5062,149784405.522534,156983060.666906,152690833.064965,148678151.938043,172890534.528441,189175818.79897,225738902.597192,234029809.779945,250201980.759964,249334098.154953,242957537.895332
Nepal,NPL,"Population, total",SP.POP.TOTL,24546509,24946748,25328981,25688758,26016656,26309458,26565425,26788492,26990037,27173035,27341952,27464494,27534915,27589996,27672370,27823629,27955462,28011258,28079689,28414064,28966574,29475010,29715436,29694614,29651054,29618118
Nepal,NPL,"GNI, PPP (current international $)",NY.GNP.MKTP.PP.CD,32433168226.6792,34771304302.413,35171978173.5907,37279215909.5669,40003475240.5533,42946440134.548,45979485347.919,48963981858.6683,52929500265.2036,55788374496.6853,58937730342.5076,62039011556.5258,68371158317.2259,73826857179.739,81460782940.7259,83445512808.502,84283663269.3559,101989475099.996,111813669660.341,122315293663.124,124139939433.761,134717047770.225,152492222694.941,162237947764.338,173146587542.189,185211371830.8
Netherlands,NLD,"Population, total",SP.POP.TOTL,15925513,16046180,16148929,16225302,16281779,16319868,16346101,16381696,16445593,16530388,16615394,16693074,16754962,16804432,16865008,16939923,17030314,17131296,17231624,17344874,17441500,17533044,17700982,17877117,17993485,18087633
Netherlands,NLD,"GNI, PPP (current international $)",NY.GNP.MKTP.PP.CD,503914082271.549,520314637634.073,542254482646.085,549479780027.443,577254488158.795,607987168097.697,668830007292.675,715065415866.313,730578278434.726,716699668721.482,748922203142.028,783827812430.852,791424877002.649,829367575166.068,831792363482.6,850416924904.133,878825517192.827,943354855206.802,1008535597820.14,1058448201488.54,1060378857170.37,1221593046855.51,1375951632690.79,1439666345055.05,1519738973860.47,1546052393712.11
New Caledonia,NCL,"Population, total",SP.POP.TOTL,223098,227707,232236,236678,240852,244381,247547,250725,253825,257250,261582,266543,271633,276822,281224,283168,283423,283546,283541,283606,284176,285214,287123,289870,292639,295333
New Caledonia,NCL,"GNI, PPP (current international $)",NY.GNP.MKTP.PP.CD,..,..,..,..,..,..,..,..,..,..,..,..,..,..,..,..,..,..,..,..,..,..,..,..,..,..
New Zealand,NZL,"Population, total",SP.POP.TOTL,3857700,3880500,3948500,4027200,4087500,4133900,4184600,4223800,4259800,4302600,4350700,4384000,4408100,4442100,4516500,4609400,4714100,4813600,4900600,4970300,5072400,5084600,5081700,5200000,5290000,5324700
New Zealand,NZL,"GNI, PPP (current international $)",NY.GNP.MKTP.PP.CD,78228599429.152,82935400502.7663,87388918161.2594,92046728246.9417,96908794693.0455,99289902280.1303,108256137959.883,115052423256.573,118129695332.892,126879260704.697,129446750569.07,137007163936.026,139613485225.545,154678594917.354,161753416670.716,167061340420.321,182234935545.118,195422091059.213,200503380814.389,219393440762.991,226622635980.117,238422206189.399,265732367635.156,277343926454.102,287104689352.913,285427463655.939
Nicaragua,NIC,"Population, total",SP.POP.TOTL,5022633,5087825,5149909,5210963,5272912,5342105,5418855,5497243,5576593,5656601,5737450,5819051,5901287,5983845,6066492,6149417,6232666,6316231,6400080,6483657,6565267,6644741,6730654,6823613,6916140,7007502
Nicaragua,NIC,"GNI, PPP (current international $)",NY.GNP.MKTP.PP.CD,13537898956.9373,14169039727.6983,14584708598.8497,15282065777.3878,16596905991.031,18024180577.1115,19190146072.2862,20829132656.855,21972008278.2253,21284889236.2672,22545418238.6838,24473893655.9949,25552402558.6693,26816335500.8897,29584395841.4934,32223073691.6489,34912757613.8181,37290787854.3938,36083527918.1731,37355195523.1355,38601777792.7758,44821766253.9868,48470928634.0854,54246454159.8449,57279375913.9912,61528803366.372
Niger,NER,"Population, total",SP.POP.TOTL,11509630,11920647,12349144,12796984,13265836,13756192,14268581,14803610,15361915,15943675,16548835,17176283,17836769,18519898,19215909,19939498,20685753,21435446,22188069,22947757,23717613,24502140,25311973,26159867,27032412,27917831
Niger,NER,"GNI, PPP (current international $)",NY.GNP.MKTP.PP.CD,9168254801.6526,10094809049.1703,10800202773.0743,11219173165.0442,11717481605.5274,12984106884.6848,14172249786.8115,14964102494.7309,16364354635.7638,16799401492.6773,18464619758.2982,19437967993.4845,21425272717.8656,21898764982.4146,23319628812.459,24526792101.967,25243257084.7153,27251396037.7842,29485815000.2074,32872348582.6794,34715233256.4111,38289003716.1208,46090331284.8079,49196399775.3992,54278490927.8298,59897883004.856
Nigeria,NGA,"Population, total",SP.POP.TOTL,126382494,129862595,133471989,137202644,141057045,145017253,149077334,153267261,157595014,162049464,166642886,171379598,176200625,181049443,185896915,190671878,195443700,200254579,204938755,209485641,213996181,218529286,223150896,227882945,232679478,237527782
Nigeria,NGA,"GNI, PPP (current international $)",NY.GNP.MKTP.PP.CD,..,..,..,..,..,..,..,..,855624681562.817,926870578133.711,1010072036663.68,1084175821454.21,1135351427136.06,1223547003742,1342333706835.9,1367895276013.63,1367086676566.79,1386900833443.61,1439192140842.4,1560221258515.82,1574097210627.4,1634939166938.99,1823157176513.47,1940682697665.24,2069931055721.19,2193249502981.18
North Macedonia,MKD,"Population, total",SP.POP.TOTL,2026350,2034882,2020157,2022725,2016186,2005330,1994287,1982933,1971493,1958782,1946298,1937398,1929821,1922716,1917557,1912430,1906313,1898657,1889051,1876262,1856124,1837114,1831712,1827816,1824359,1820909
North Macedonia,MKD,"GNI, PPP (current international $)",NY.GNP.MKTP.PP.CD,12238597348.1913,12222693688.1364,12772228876.6352,13204543690.4041,14485395343.9525,15708229570.8753,17655227633.0886,18220328766.7834,21277078470.2902,22428412121.2588,23015178653.2375,23634650015.0958,24026781777.3401,25647206603.0497,27256354697.0217,27845970685.1411,30125382012.5989,31292945202.3011,33409928179.3921,36191936701.8068,35647323078.3209,38896097032.6264,42446552005.9478,43996336240.4068,46731102312.5675,48584456547.7095
Northern Mariana Islands,MNP,"Population, total",SP.POP.TOTL,68356,67984,66778,65421,63938,62354,60682,58941,57150,55325,54091,53608,53234,52758,52178,51514,50773,49959,49077,48129,47528,46979,46078,45143,44278,43541
Northern Mariana Islands,MNP,"GNI, PPP (current international $)",NY.GNP.MKTP.PP.CD,..,..,..,..,..,..,..,..,..,..,..,..,..,..,..,..,..,..,..,..,..,..,..,..,..,..
Norway,NOR,"Population, total",SP.POP.TOTL,4490967,4513751,4538159,4564855,4591910,4623291,4660677,4709153,4768212,4828726,4889252,4953088,5018573,5079623,5137232,5188607,5234519,5276968,5311916,5347896,5379475,5408320,5457127,5519601,5572279,5610870
Norway,NOR,"GNI, PPP (current international $)",NY.GNP.MKTP.PP.CD,163865748624.423,170831120000.192,173175237088.883,177570360623.643,196298744528.913,224191932909.016,253535305151.521,263760870686.138,294675704382.782,270232545414.655,287689806343.356,312319158125.922,332877000382.314,345879002129.611,351471278201.615,328162198077.506,323801442057.778,353252891896.577,388270912486.531,390971690465.462,375947928960.265,489572273722.096,701100429827.546,592620994702.868,607126469144.051,604671496364.501
Oman,OMN,"Population, total",SP.POP.TOTL,2282131,2310217,2337140,2363796,2404821,2459802,2514795,2570174,2626529,2684659,2757446,3076763,3547106,3833913,4002439,4184895,4390877,4537396,4597877,4591241,4522497,4500424,4730226,5049269,5281538,5494691
Oman,OMN,"GNI, PPP (current international $)",NY.GNP.MKTP.PP.CD,86628146786.2307,92158913054.6738,92958616816.6023,94644957424.9722,99949959041.1735,104333379258.078,114097355745.592,122900189613.32,133302492384.436,140196675914.018,145041873686.47,152594727697.303,168179904479.811,173761387240.677,168864269121.043,146590408648.291,142339170751.803,147030885122.525,164235616792.375,159567534931.491,148065461789.192,162327946322.574,184425276007.441,200311508317.178,208065740945.134,..
Pakistan,PAK,"Population, total",SP.POP.TOTL,154879127,159270907,163222549,167110248,171286000,175453212,179682690,184493231,189499113,194376534,199239047,203746065,207667125,211073978,214264647,217290883,220138869,223273967,226928892,230800899,235001746,239477801,243700667,247504495,251269164,255219554
Pakistan,PAK,"GNI, PPP (current international $)",NY.GNP.MKTP.PP.CD,389228935477.831,411712591024.252,428324905836.487,462262328460.297,513425120594.679,568205137170.77,621145707293.759,664314388191.659,691507755832.577,716906796128.467,741675056612.044,780110472311.759,829442458507.519,868512882264.327,910654119428.137,958594455887.133,1002030923785.33,1053571682444.36,1112712584866.28,1142342134518.61,1164737809098.56,1269115513293.83,1422352277675.53,1464208258977.71,1534954936519.82,1640182195366.14
Palau,PLW,"Population, total",SP.POP.TOTL,19178,19352,19503,19659,19820,19819,19593,19302,19009,18709,18396,18078,17765,17648,17715,17770,17797,17812,17814,17798,17792,17783,17759,17727,17695,17663
Palau,PLW,"GNI, PPP (current international $)",NY.GNP.MKTP.PP.CD,181043632.774316,199513577.099537,209531953.516381,214941426.877027,231182849.839286,244153865.801988,252538656.568953,258761174.937862,251026125.627331,246349315.058512,241318990.311222,256385709.945413,260860317.189516,265246285.235991,277299996.907234,300881631.481953,307024628.487078,311906498.397049,315893241.344316,328310036.205228,322245521.556999,301080659.585043,313366683.843002,326271095.357781,368256707.965385,414714947.549884
Panama,PAN,"Population, total",SP.POP.TOTL,3010369,3069537,3129344,3189807,3251155,3313026,3375024,3437490,3500648,3564381,3628535,3693505,3759256,3825329,3892101,3960035,4029086,4098707,4167860,4234700,4293261,4345405,4400773,4458759,4515577,4571189
Panama,PAN,"GNI, PPP (current international $)",NY.GNP.MKTP.PP.CD,23234716415.7126,23949701763.1918,25636368658.1239,26403274729.4999,29076535464.371,32378900181.1509,36686106426.5082,43184569920.8516,48462038946.3808,49888508654.2703,52185529800.7537,61078068371.4076,68385729364.6854,78671819617.4207,86841602651.5867,101215907838.024,113542462149.787,129296803246.676,124608774077.184,132046804303.914,112423986632.155,126453500794.293,153601133434.471,168302011601.621,177049161768.959,190951125696.794
Papua New Guinea,PNG,"Population, total",SP.POP.TOTL,5537064,5728435,5924003,6123997,6328041,6535905,6747720,6963345,7183002,7406438,7633523,7859346,8081390,8302698,8523441,8743246,8961718,9178714,9394513,9609010,9815746,10012896,10203169,10389635,10576502,10762817
Papua New Guinea,PNG,"GNI, PPP (current international $)",NY.GNP.MKTP.PP.CD,11678066772.0591,11776914106.558,11986402944.0019,12155621536.2782,13009540170.1457,14503193183.1472,14968703604.8431,16985213695.4548,17574939528.5221,18532985133.6568,20629758720.7637,20754466387.4553,23192790932.5331,23731925820.4606,29311938639.3109,29989720984.6673,32613538947.7445,34299826377.6262,34705324976.5918,36273441439.7182,37088557486.1467,37400803973.9534,42438838250.2348,44939048767.3983,48489590890.4528,52087840885.2316
Paraguay,PRY,"Population, total",SP.POP.TOTL,5100868,5187689,5261328,5326436,5388175,5448097,5505148,5559386,5613574,5671236,5737971,5814626,5897008,5982445,6069811,6159103,6249126,6338660,6427382,6515058,6603739,6684182,6760464,6844146,6929153,7013078
Paraguay,PRY,"GNI, PPP (current international $)",NY.GNP.MKTP.PP.CD,30935913807.2427,31981232461.1743,33402838212.6662,32970620179.7202,35895113340.9101,38038628098.8674,42493229583.1695,48187467734.8913,52690541470.2778,52660330000.8229,59202928468.3056,63620353231.1737,61650523267.6975,69518432594.516,73529129362.8447,74959648820.6754,80237465864.0551,85518906320.4514,87743665888.9673,89344660389.4737,91247735731.4516,98986963685.5568,106549178200.332,115905404340.662,124024077596.127,135985979805.466
Peru,PER,"Population, total",SP.POP.TOTL,26598331,26964601,27288217,27580490,27852190,28101180,28324491,28530699,28719041,28896811,29086019,29304086,29550366,29817919,30115826,30457600,30866494,31324637,31897584,32449303,32838579,33155882,33475438,33845617,34217848,34576665
Peru,PER,"GNI, PPP (current international $)",NY.GNP.MKTP.PP.CD,130320118483.839,134915860705.55,143681856395.694,151068404041.643,159662111477.529,172881030859.693,187817726719.4,210137698637.863,235853398543.657,241634129589.071,261771478386.678,283964927266.9,297858524523.237,319314844327.668,331161563195.873,341221818441.071,357007419043.172,376288145636.399,396588299787.945,424210791478.035,401588174409.725,467643073025.777,520245883112.038,546060181387.075,576363164634.416,606507080587.197
Philippines,PHL,"Population, total",SP.POP.TOTL,79625397,81401488,83068889,84731835,86394504,88015962,89508986,91075184,92699095,94384250,96337125,98248614,100175512,102076336,103767130,105312992,106735719,108119693,109465287,110804683,112081264,113100950,113964338,114891199,115843670,116786962
Philippines,PHL,"GNI, PPP (current international $)",NY.GNP.MKTP.PP.CD,293249093309.31,309412723183.7,325773146565.167,348713319401.208,381324283571.603,414348664416.681,447531084246.939,488650957732.286,521548089196.341,542980229872.181,588149337339.552,621050497572.568,677865360901.892,727012054889.296,774057925343.909,809030313766.67,875506408879.903,933224662161.786,1012413782787.84,1087837562032.71,993342345811.41,1037456879371.22,1222263311505.73,1401654635264.95,1546195108897,1688492033413.29
Poland,POL,"Population, total",SP.POP.TOTL,38258629,38248076,38230364,38204570,38182222,38165445,38141267,38120560,38125759,38151603,38042794,38063255,38063164,38040196,38011735,37986412,37970087,37974826,37974750,37965475,37515748,36981559,36821749,36687353,36559233,36435861
Poland,POL,"GNI, PPP (current international $)",NY.GNP.MKTP.PP.CD,408363578222.806,425480798015.303,449118371814.568,465721117480.654,496084937540.944,521378564410.378,564984150602.504,619752123320.078,685879115838.681,713587883342.486,772059149362.332,837372545275.293,868792896878.243,895538422685.005,930713547637.937,986632040047.226,1034762526091.51,1096937308900.96,1176326593175.8,1306039185025.87,1339936661751.61,1451722369321.13,1654692199802.81,1706103805622.98,1811321761308.79,1905340738713.6
Portugal,PRT,"Population, total",SP.POP.TOTL,10289898,10362722,10419631,10458821,10483861,10503330,10522288,10542964,10558177,10568247,10573100,10557560,10514844,10457295,10401062,10358076,10325452,10300300,10283822,10286263,10297081,10361831,10434332,10578174,10694681,10804871
Portugal,PRT,"GNI, PPP (current international $)",NY.GNP.MKTP.PP.CD,191155966953.653,198898719234.73,208897263871.468,215875545835.231,222318024660.686,235520712553.387,252286239042.194,263559475670.836,272070320114.187,270180427768.767,279319487116.135,277958125963.957,272145681023.063,288238429285.461,293041047354.492,298736909497.784,318759416957.173,332023681230.111,350328004453.571,380253376237.318,365027777419.563,396583743468.674,463623551839.594,513191696820.546,551173763985.17,564473737313.232
Puerto Rico (US),PRI,"Population, total",SP.POP.TOTL,3810605,3818774,3823701,3826095,3826878,3821362,3805214,3782995,3760866,3740410,3724465,3693464,3661045,3631427,3585017,3535167,3480432,3410837,3290690,3302691,3281591,3262731,3220148,3203794,3202521,3184835
Puerto Rico (US),PRI,"GNI, PPP (current international $)",NY.GNP.MKTP.PP.CD,58674261902.7308,60473127443.7621,61279104383.1738,63042752120.7543,71590383835.3249,73327078426.0348,75560874275.5245,78383621202.7532,77521461605.0612,75381633788.4814,75232928048.5791,76671237933.7386,78726304482.8216,78884732202.6227,77982108386.8448,76936606041.6484,75279386784.2397,72551408524.386,74270167519.7108,80518631938.3099,82512343294.8425,91214417323.8454,100812290113.887,105383169426.853,109275285439.869,112526098426.65
Qatar,QAT,"Population, total",SP.POP.TOTL,644989,677925,711205,744682,773332,825408,972831,1208595,1426938,1608903,1616832,1624761,1722438,1916426,2151745,2344557,2477113,2545820,2580734,2638657,2794148,2504910,2657333,2656032,2857822,2972215
Qatar,QAT,"GNI, PPP (current international $)",NY.GNP.MKTP.PP.CD,54253741350.5356,60057189063.4743,64948530538.0742,70757521115.825,81955527308.9154,85216268393.7865,120302684605.949,145893287961.388,173956490462.05,188135141792.085,220510420626.468,261273506427.566,291431689891.229,307354935114.245,304895573775.523,235124892587.594,221149622703.867,252289766909.688,278164070957.121,276570054142.864,224698313877.286,288156263217.733,315104407118.347,332921893591.976,349647777042.142,375358463057.074
Romania,ROU,"Population, total",SP.POP.TOTL,22442971,22131970,21730496,21574326,21451748,21319685,21193760,20882982,20537875,20367487,20246871,20147528,20058035,19983693,19908979,19815616,19702267,19588715,19473970,19371648,19265250,19122059,19048502,19061062,19051804,19020271
Romania,ROU,"GNI, PPP (current international $)",NY.GNP.MKTP.PP.CD,130468094886.926,143491707222.934,154082304580.214,159275330533.738,184739891617.761,198699698653.599,236699080243.4,276897670311.361,337095539053.418,334633178120.712,349670743814.23,376946098923.837,393466001702.79,387467193968.889,408847144936.366,424002820359.533,464671787406.149,520231159677.6,563783384909.545,640762220371.203,651506214622.187,705054607640.134,775445014528.109,854620334739.169,913020500393.656,942485408724.487
Russian Federation,RUS,"Population, total",SP.POP.TOTL,146596869,145976482,145306497,144648618,144067316,143518814,143049637,142805114,142742366,142785348,142849468,143018195,143378447,143805638,144237223,144640716,145015460,145293260,145398106,145453291,145245148,144746762,144236933,143826130,143669648,143513328
Russian Federation,RUS,"GNI, PPP (current international $)",NY.GNP.MKTP.PP.CD,974627421657.537,1059732182384.89,1145642785078.87,1297686739867.81,1441505486230.11,1655585780406.95,2071121544063.67,2324720237537.23,2797648415306.52,2678612196779.71,2836588557956.2,3163098238376.86,3373665030002.68,3611852783396.69,3639325111273.83,3428609968105.44,3440587138811.78,3705398029014.97,4128705266499.84,4434790959251.04,4542377364597.36,5554500399718.39,5881919339924.82,6395811717846.94,6880978744466.89,7184895114078.46
Rwanda,RWA,"Population, total",SP.POP.TOTL,8213931,8287094,8400180,8586875,8816844,9054528,9299246,9549933,9804269,10060432,10317553,10573733,10829901,11093340,11364757,11640022,11919183,12202060,12487996,12776103,13065837,13355260,13651030,13954471,14256567,14569341
Rwanda,RWA,"GNI, PPP (current international $)",NY.GNP.MKTP.PP.CD,4907993581.29054,5422283966.66485,6243985493.66429,6477291915.33575,7148254576.52491,8103243541.89396,9126386582.47348,10137086722.7065,11451680853.4801,12250424856.4938,13283232999.4338,14637071823.7382,15339181485.6388,16266374519.2936,18376045024.6331,20099419395.1923,21384135399.6412,23026973178.0711,25629275803.6927,29385413425.8461,30187137455.3906,36498466875.8114,42849988443.0686,48189576454.1665,52740653763.5362,59335325158.7313
Samoa,WSM,"Population, total",SP.POP.TOTL,181685,183166,184471,185430,186249,186978,187709,188753,190107,191513,193023,194713,196498,198268,200037,201782,203499,205415,207582,209780,211944,213779,215261,216663,218019,219306
Samoa,WSM,"GNI, PPP (current international $)",NY.GNP.MKTP.PP.CD,524462921.596805,571104617.329809,609234919.995257,651797433.298096,692696281.581245,758997654.476733,801505922.892441,832438511.043531,879469007.925736,894426124.842378,979844003.801446,1029666341.52497,1012632571.24067,1031256485.48272,1052915834.04059,1123777861.53962,1222113563.26736,1252274039.1281,1268070469.44073,1337924318.6516,1325666053.14528,1335493624.24163,1451367114.86656,1757248016.77195,1882883642.38794,2040396883.42085
San Marino,SMR,"Population, total",SP.POP.TOTL,26799,27143,27491,27843,29457,29836,30184,31211,31662,33066,33270,32620,33469,33041,32655,32897,33101,33825,34522,34663,34770,34252,33755,33860,33977,34109
San Marino,SMR,"GNI, PPP (current international $)",NY.GNP.MKTP.PP.CD,..,..,..,..,..,..,..,..,..,..,..,..,..,..,..,..,..,1643833704.00057,1712106877.86276,1822938302.39423,1732664315.10639,1998662695.832,2341555605.07404,2435105882.32484,..,..
Sao Tome and Principe,STP,"Population, total",SP.POP.TOTL,144018,146375,149922,153814,157705,161639,165638,169700,173793,177853,181802,185649,189439,193148,196767,200291,203689,206970,210187,213392,217435,221961,226305,230871,235536,240254
Sao Tome and Principe,STP,"GNI, PPP (current international $)",NY.GNP.MKTP.PP.CD,241959959.779322,266283356.520015,280156346.414248,314068186.14804,333117109.763608,368382663.535732,431448057.528989,463214627.604287,486753149.795137,505405835.410271,518684183.896934,540005522.973479,508449786.477181,575497917.00033,653863304.98255,643279378.970774,682740049.932667,710351814.09746,832263715.078024,992344539.791263,1129943800.78372,1279059021.87556,1619043542.9214,1552875155.43432,1501719619.8357,1661600982.34025
Saudi Arabia,SAU,"Population, total",SP.POP.TOTL,16177722,17041397,17910910,18786767,19669480,20559890,21459144,22368313,23287877,24217654,23978487,25091867,26168861,27624004,28309273,29816382,30954198,30977355,30196281,30063799,31552510,30784383,32175224,33702731,35300280,36973555
Saudi Arabia,SAU,"GNI, PPP (current international $)",NY.GNP.MKTP.PP.CD,788933694397.435,805156800341.983,813433790854.751,897789215830.807,1009436085148.44,1102392469169.78,1184431092236.93,1249854151195.65,1356407508922.54,1353535843344.58,1449902161510.65,1647148214309.85,1746871146006.31,1765588384301.35,1823364771611.67,1657563899310.71,1580191818012.66,1671908742590.68,1809520870407.34,1807034419579.96,1521224114374.55,1952887776474.82,2331293304358.02,2429192381940.75,2557004747910.91,2750822096954.53
Senegal,SEN,"Population, total",SP.POP.TOTL,9968260,10212942,10466214,10721176,10975704,11235472,11500094,11770344,12048959,12337389,12635413,12958897,13310495,13710849,14152102,14593331,15034521,15475002,15914498,16352922,16789219,17220867,17651103,18077573,18501984,18931966
Senegal,SEN,"GNI, PPP (current international $)",NY.GNP.MKTP.PP.CD,19274859988.5331,20623928318.1625,20903328535.1485,22595945841.3661,24324904516.8351,26190711931.7216,27703166416.4997,29262375610.8129,31006251400.5582,31808483925.0694,33328572974.3903,34243503559.0008,36165936197.5421,37314338404.2991,39616725354.1839,42733829453.1543,45403289432.3498,48576900844.587,52395962159.8885,57985005590.1967,61487304401.448,70143080774.3565,77375058799.0166,83190115517.027,89006252967.8192,96528820548.9688
Serbia,SRB,"Population, total",SP.POP.TOTL,7516346,7503433,7500031,7480591,7463157,7440769,7411569,7381579,7350222,7320807,7291436,7236519,7201497,7166553,7131787,7095383,7058322,7020858,6982604,6945235,6899126,6834326,6664449,6623183,6586476,6549143
Serbia,SRB,"GNI, PPP (current international $)",NY.GNP.MKTP.PP.CD,48221405282.2616,51066584012.2019,56501270843.2138,59672054022.2512,64518731387.1492,69128440146.0617,76586572674.5762,83672031978.4841,93886926209.432,94091980694.7006,95166828245.7044,99626500556.3424,101188428835.088,105186739810.513,105132071435.14,105393241118.576,109994009595.185,113828182147.173,122667760235.485,135616243247.473,140759009549.357,154080844370.065,165995575880.57,186945059649.142,202692194656.781,208118753419.696
Seychelles,SYC,"Population, total",SP.POP.TOTL,81131,81202,83723,82781,82475,82858,84600,85033,86956,87298,89770,87441,88303,89949,91359,93419,94677,95843,96762,97625,98462,99258,119878,119773,121354,122730
Seychelles,SYC,"GNI, PPP (current international $)",NY.GNP.MKTP.PP.CD,1130167473.70759,1155500399.60425,1108029863.81612,1103633145.77244,1180221151.95133,1326141184.0116,1494943018.5264,1546346486.49807,1509958841.3176,1506426489.69865,1610456214.94227,1772093986.20476,1960246710.85199,1897708187.48859,2138219523.42142,2238093886.9499,2537899307.22492,2741787451.90111,2956999275.75848,3207157759.07942,2949262321.11593,2838625045.38652,3391233745.07064,3684505717.2119,3920634138.98184,4287420227.82802
Sierra Leone,SLE,"Population, total",SP.POP.TOTL,4423611,4692716,4971435,5177687,5355717,5501712,5624466,5749352,5894722,6055646,6222714,6387251,6551080,6714051,6876385,7037655,7205328,7379299,7554563,7731991,7912558,8094602,8276807,8460512,8642022,8819794
Sierra Leone,SLE,"GNI, PPP (current international $)",NY.GNP.MKTP.PP.CD,5385223947.88434,5196678789.55229,6739759404.9811,7423979686.16494,7585258125.75647,8369137081.4023,8178875131.09325,8446125838.00906,9343347268.82283,10515010339.7055,11689319852.5344,12462019152.0012,14730670471.4883,17078661973.6256,18051444279.4097,17717851725.4321,18686236340.5654,18139005919.0001,19732906598.5753,20684225114.6696,21430045784.3253,22833547210.3092,25765934994.5268,28281260846.2701,30233922017.6486,32561764223.8941
Singapore,SGP,"Population, total",SP.POP.TOTL,4027887,4138012,4175950,4114826,4166664,4265762,4401365,4588599,4839396,4987573,5076732,5183688,5312437,5399162,5469724,5535002,5607283,5612253,5638676,5703569,5685807,5453566,5637022,5917648,6036860,6111175
Singapore,SGP,"GNI, PPP (current international $)",NY.GNP.MKTP.PP.CD,175268013281.484,177193005510.076,184518919782.425,195379502324.41,212892598201.174,236722407662.126,274306788427.281,307413398849.476,315740166757.737,313112452691.338,378652526067.753,400707778808.442,416795638280.343,424444387608.882,446405425660.506,449493482173.023,475964033432.15,504153060267.336,513931267625.663,529362380954.598,508645558546.4,620345959026.63,656410658221.884,690204832699.568,764422891803.151,829610766156.072
Sint Maarten (Dutch part),SXM,"Population, total",SP.POP.TOTL,30773,30726,30960,31327,31690,32057,32428,32791,33145,33491,33794,34267,35023,35854,36672,37471,38249,38996,39712,40385,41008,41571,42139,42749,43350,43923
Sint Maarten (Dutch part),SXM,"GNI, PPP (current international $)",NY.GNP.MKTP.PP.CD,..,..,..,..,..,..,..,..,..,1180543993.47309,1231750282.89521,1317707579.32987,1208474211.58653,1270943038.59608,1545230062.86482,1621729461.34174,1672291522.08964,1700895534.97952,1616777663.83447,1780957398.67313,1555243075.40859,1633031011.67203,1993551191.19996,2146305392.22161,2256955212.4798,..
Slovak Republic,SVK,"Population, total",SP.POP.TOTL,5388720,5378867,5376912,5373374,5372280,5372807,5373054,5374622,5379233,5386406,5391428,5398384,5407579,5413393,5418649,5423801,5430798,5439232,5446771,5454147,5458827,5447247,5431752,5426740,5422069,5413813
Slovak Republic,SVK,"GNI, PPP (current international $)",NY.GNP.MKTP.PP.CD,61013980921.0208,66551367293.1609,71277512952.5731,72019895772.6764,78335427634.1427,86746388886.4294,98753366575.4491,110947884607.048,125278893995.497,123615536279.133,133900200705.656,136512307294.33,143574410059.024,150743681840.024,155893671767.488,159473758412.2,157911266827.506,161477192588.39,168835253164.918,180845112504.828,191064251978.164,202761741315.044,219213142028.355,239945691329.47,250988607360.386,259434049483.888
Slovenia,SVN,"Population, total",SP.POP.TOTL,1988925,1992060,1994530,1995733,1997012,2000474,2006868,2018122,2021316,2039669,2048583,2052843,2057159,2059953,2061980,2063531,2065042,2066388,2073894,2088385,2102419,2108079,2112076,2120461,2127400,2130986
Slovenia,SVN,"GNI, PPP (current international $)",NY.GNP.MKTP.PP.CD,35498089851.9944,37347130631.0005,39546546634.0697,41293319187.0841,44473126027.1133,46927575044.8671,50670307649.6719,54154744583.4556,57983568664.0191,54605474326.4043,55743819358.3573,58142479606.3913,58292943392.5573,60228081645.3734,62469883532.5199,62704311118.1291,67737919896.8647,73649858194.9631,79172373029.4638,87410741061.9781,87653954762.455,95939240190.7429,108696998603.143,117837723537.941,121175458388.515,125469503348.303
Solomon Islands,SLB,"Population, total",SP.POP.TOTL,440469,449125,457671,466154,474611,483080,491594,500156,508790,518141,532968,552945,573606,594945,616908,639415,662379,685672,709101,728147,744498,762591,781066,800005,819198,838645
Solomon Islands,SLB,"GNI, PPP (current international $)",NY.GNP.MKTP.PP.CD,656379075.271816,623162126.572537,603744547.160289,662555977.903747,742186063.150176,820344204.88418,858387376.633138,889481767.562424,939175550.411404,974772619.17899,1106191753.28759,1186728317.06798,1266825850.25338,1428798555.82535,1449850878.38113,1477195474.9937,1553933544.13925,1648762213.54221,1745943984.76987,1810373658.82493,1832896001.47493,1890013810.00149,1960688610.0589,2113978201.912,2193677451.43853,2340154403.84682
"Somalia, Fed. Rep.",SOM,"Population, total",SP.POP.TOTL,8838713,9198493,9550063,9909157,10280998,10644228,10975502,11322582,11663084,11961201,12261756,12348830,12461160,12869594,13339491,13806963,14348740,14916629,15452487,16030971,16651191,17271431,17801897,18358615,19009151,19654739
"Somalia, Fed. Rep.",SOM,"GNI, PPP (current international $)",NY.GNP.MKTP.PP.CD,4032009965.38834,4424197773.65113,4841288936.80794,5320017687.39933,5859312138.13361,6482240937.66888,7125573453.50853,7818810297.01236,8514416754.22245,9152993017.81392,9898074812.15758,10793273465.9514,12497699432.2334,12077283205.934,14962707334.8032,18432512343.0243,20974602576.9014,23717318256.7506,23871424985.7992,24714217482.4036,24111435634.7669,23948423611.2093,26356703581.9422,29127533861.6076,31115464216.1984,32161505965.4467
South Africa,ZAF,"Population, total",SP.POP.TOTL,47159719,47566800,48019415,48500348,48991421,49490033,49998277,50528584,51114599,51728516,52344051,52995205,53782567,54678791,55594838,56723537,57259551,57635162,58613001,59587885,60562381,61502603,62378410,63212384,64007187,64747319
South Africa,ZAF,"GNI, PPP (current international $)",NY.GNP.MKTP.PP.CD,373787910071.425,389844359490.432,413081290047.091,432866503905.722,467865145733.977,507867857473.404,552983065003.193,590847185600.428,622113835882.867,621517039626.264,648599592021.474,680230630915.234,680963469478.553,713352409326.522,724269722141.275,742544241132.529,754274886214.158,769863662880.277,760480462366.397,776308951851.148,754617395353.097,825400756821.661,900773533909.311,948652599495.628,971264799679.024,1010102103023.59
South Sudan,SSD,"Population, total",SP.POP.TOTL,6032267,6308391,6596806,6903127,7233041,7590143,7976526,8388788,8817647,9243556,9745953,10288109,10756240,11166275,11235073,11107561,10830102,10259154,10122977,10423384,10698467,10865780,11021177,11483374,11943408,12188788
South Sudan,SSD,"GNI, PPP (current international $)",NY.GNP.MKTP.PP.CD,..,..,..,..,..,..,..,..,..,..,..,16038626934.766,14676725815.5323,20227303988.2094,13204928002.0715,11250917095.2722,..,..,..,..,..,..,..,..,..,..
Spain,ESP,"Population, total",SP.POP.TOTL,40567864,40850412,41431558,42187645,42921895,43653155,44397319,45226803,45954106,46362946,46576897,46742697,46773055,46604197,46460733,46422303,46458139,46571232,46782011,47118501,47359424,47443821,47786102,48352528,48848840,49355143
Spain,ESP,"GNI, PPP (current international $)",NY.GNP.MKTP.PP.CD,869281346206.628,924635967458.447,998572029012.06,1048442154670.38,1112361222805.94,1189478212052.38,1339869511885.34,1435355811381.05,1489989832778.13,1465050039884.34,1459712211417.2,1470186758974.92,1478541705037.3,1510164493183.17,1562995294092.78,1634115594066.85,1750233410721.95,1853927864320.37,1919461600068.38,2077223317459.29,1865940373592.84,2113484119836.19,2472417122626.33,2682558678612.63,2829189104565.5,2952799673629.22
Sri Lanka,LKA,"Population, total",SP.POP.TOTL,19293054,19600362,19805752,19951521,20087605,20216524,20352411,20492545,20629378,20756435,20879089,21009048,21169458,20585000,20778000,20970000,21209000,21453000,21670000,21803000,21919000,22156000,22181000,22037000,21916000,21756000
Sri Lanka,LKA,"GNI, PPP (current international $)",NY.GNP.MKTP.PP.CD,82998500046.3656,83551250548.3763,88417349146.5612,96019985600.9591,103896348081.75,113615616614.799,125938303607.099,138477890236.59,147898363149.79,155708277789.347,170101296358.329,188834948123.676,213230849808.612,226365994952.001,238195143260.728,250313654826.867,270463171138.21,284824376597.867,299440686928.26,299168527010.653,275981956534.103,310064862520.077,306707587877.352,310123721227.991,335132033671.788,364367098031.666
St. Kitts and Nevis,KNA,"Population, total",SP.POP.TOTL,45248,45761,46020,46176,46315,46437,46569,46706,46835,46916,46846,46886,47033,47069,47089,47087,47075,47050,47008,46952,46870,46763,46709,46758,46843,46922
St. Kitts and Nevis,KNA,"GNI, PPP (current international $)",NY.GNP.MKTP.PP.CD,640699518.416624,686869239.810751,704241030.097065,679392930.064296,738726186.370453,847388084.702292,914548014.954313,950231283.448641,1079274359.12384,1049081379.22077,1068255093.34131,1110245488.06901,1071481245.25345,1139698059.90197,1182351038.85391,1182284611.32753,1253540048.54963,1331898479.80777,1388844330.04125,1502935668.83167,1247010453.26065,1217629204.34026,1469160450.82368,1565877657.97898,1580073598.03118,1709477999.76565
St. Lucia,LCA,"Population, total",SP.POP.TOTL,158616,160237,161641,162976,164239,165450,166639,167758,168808,169869,170906,171801,172587,173369,174138,174905,175646,176342,177017,177661,178250,178522,178781,179285,179744,180149
St. Lucia,LCA,"GNI, PPP (current international $)",NY.GNP.MKTP.PP.CD,1406656797.46191,1382286937.57819,1427885722.4205,1500568717.41124,1629914226.50616,1675597603.77698,1875210354.79288,1942401909.54012,2079754009.98666,2071416868.83688,2115508472.92999,2285087851.94366,2265432762.39186,2285830754.56442,2356562850.28113,2301852708.5777,2529283874.22783,2677751402.33838,2932810808.38351,3117204002.57387,2635162685.26241,3331313481.38818,3991122979.96546,4290278078.0696,4550406953.85975,4716958750.50781
St. Martin (French part),MAF,"Population, total",SP.POP.TOTL,29996,30803,31604,32395,33171,33928,34658,35337,35958,36502,36856,37069,37276,37419,37450,37369,37175,36837,36012,34267,31786,29961,28870,27515,26129,24941
St. Martin (French part),MAF,"GNI, PPP (current international $)",NY.GNP.MKTP.PP.CD,..,..,..,..,..,..,..,..,..,..,..,..,..,..,..,..,..,..,..,..,..,..,..,..,..,..
St. Vincent and the Grenadines,VCT,"Population, total",SP.POP.TOTL,113545,113501,113347,113141,112835,112450,112014,111531,111028,110508,109959,109349,108736,108135,107535,106960,106349,105663,104926,104167,103526,102841,102046,101323,100616,99924
St. Vincent and the Grenadines,VCT,"GNI, PPP (current international $)",NY.GNP.MKTP.PP.CD,703669088.805447,739451209.326238,790699695.208568,850203738.051114,901985552.711487,956340176.482945,1067796501.78929,1144454266.54199,1172642565.56242,1179182171.40846,1141518112.49007,1156723256.63846,1188595012.74152,1250938745.56191,1250992489.36819,1290910378.34456,1420978451.57082,1426571841.05226,1538287353.31461,1594710071.34518,1573242343.48756,1634800153.98429,1822463478.75793,1981219300.43291,2161064186.25994,2232738607.57868
Sudan,SDN,"Population, total",SP.POP.TOTL,27816745,28516770,29228727,29896035,30556637,31262444,31992435,32764135,33623980,34569113,35414399,36140806,36923178,37785849,38823318,40024431,41259892,42714306,44230596,45548175,46789231,48066924,49383346,50042791,50448963,51662147
Sudan,SDN,"GNI, PPP (current international $)",NY.GNP.MKTP.PP.CD,84107534930.3102,92857415412.8602,99351987119.7227,107955200797.812,116428950923.948,127320483955.919,138911590412.615,151898042220.625,159348411529.116,158636593466.804,159717759541.341,158104726209.039,129629087527.525,131590285191.469,162242756359.859,164988525409.779,180697326856.387,174373823318.202,175324684144.682,169353844459.015,148139519745.498,150034487461.543,162215099875.162,121804706410.162,103225061821.406,110342877741.911
Suriname,SUR,"Population, total",SP.POP.TOTL,476643,486560,496551,506414,513923,519313,524997,531016,537245,543568,549923,556269,562633,569020,575373,581627,587757,593713,599513,605768,612317,617896,623164,628886,634431,639850
Suriname,SUR,"GNI, PPP (current international $)",NY.GNP.MKTP.PP.CD,3451601619.60506,3450641102.13182,3866491003.97972,4194792255.45922,4657509879.07205,5105189776.14714,5553620214.56512,6117276733.34384,6536768110.9638,6744745563.69393,6999485314.02935,7287563034.49645,8213311704.42572,8967862426.68129,9421656542.14154,9597032302.43837,8074262877.4079,9276466737.00755,9657905930.55303,10807579445.7017,9204922084.42139,10006275332.096,11506552863.2904,12060767365.6845,12706715428.28,13439994616.3291
Sweden,SWE,"Population, total",SP.POP.TOTL,8872109,8895960,8924958,8958229,8993531,9029572,9080505,9148092,9219637,9298515,9378126,9449213,9519374,9600379,9696110,9799186,9923085,10057698,10175214,10278887,10353442,10415811,10486941,10536632,10569709,10596620
Sweden,SWE,"GNI, PPP (current international $)",NY.GNP.MKTP.PP.CD,263126848230.169,266646069187.323,277402347972.174,289605084694.129,305786246014.646,313074166104.206,351075178439.285,384741054664.885,399974211144.658,381817596581.205,405022316470.831,428401515958.427,440409147882.416,452733940698.661,463684915466.492,481241888904.06,499197514198.218,524184537553.008,548672715097.349,601984036607.578,615411488621.578,672255439048.566,726417763362.648,755589439545.473,789094380356.363,806297554434.451
Switzerland,CHE,"Population, total",SP.POP.TOTL,7184250,7229854,7284753,7339001,7389625,7437115,7483934,7551117,7647675,7743831,7824909,7912398,7996861,8089346,8188649,8282396,8373338,8451840,8514329,8575280,8638167,8704546,8777088,8888822,9005582,9092436
Switzerland,CHE,"GNI, PPP (current international $)",NY.GNP.MKTP.PP.CD,283432546992.007,287200411557.668,293246272845.651,305828566913.396,318397426588.254,338355210665.097,376319551607.133,392628287637.28,389826188761.462,423190749442.706,456219891635.877,465022626157.53,491501231773.671,516047445879.994,529457414226.414,554347396488.999,566410562237.29,575639958420.904,596250741884.768,617639917927.205,619341088757.347,703694739775.743,800292976649.386,799806700586.411,850434937788.901,924653872701.396
Syrian Arab Republic,SYR,"Population, total",SP.POP.TOTL,16637888,17051338,17468332,17889296,18336875,18814091,19637022,20884125,21636564,21976969,22482421,22878098,22759763,21666917,20273659,19424618,19193834,19224668,19577845,20353534,21049429,21628839,22462173,23594623,24672760,25620427
Syrian Arab Republic,SYR,"GNI, PPP (current international $)",NY.GNP.MKTP.PP.CD,..,..,..,..,..,..,..,..,..,..,..,..,..,..,..,..,..,60494000464.5458,65175297944.2432,68570727342.0207,78360977972.6308,99464174912.4174,106445278716.56,..,..,..
Tajikistan,TJK,"Population, total",SP.POP.TOTL,6284735,6407377,6531669,6658575,6790547,6924720,7057566,7194477,7338403,7490230,7652141,7824785,8014084,8216724,8425552,8643840,8865631,9085946,9307333,9529966,9749310,9966908,10182222,10389799,10590927,10786734
Tajikistan,TJK,"GNI, PPP (current international $)",NY.GNP.MKTP.PP.CD,6238405598.63363,6954174224.08868,7933475023.22084,8872966274.92706,10234127708.0511,13327305792.0186,15621931571.2182,17987655285.6234,20042713656.4192,19444920897.8835,21656584502.8074,24502585880.9376,27409399954.782,31543702047.8648,32918855072.0252,30466253365.3751,29857833446.6067,31416268483.0043,33074065405.4157,38258488363.2035,41597998466.9622,47821764056.2135,60959570195.4679,64385444427.8454,74987668157.7441,88846725736.5384
Tanzania,TZA,"Population, total",SP.POP.TOTL,34260139,35198299,36121304,37089555,38109668,39182076,40294902,41435512,42570728,43633982,44758488,46029367,47374260,48824128,50351512,52020962,53824013,55652890,57437145,59174891,60972798,62830412,64711821,66617606,68560157,70545865
Tanzania,TZA,"GNI, PPP (current international $)",NY.GNP.MKTP.PP.CD,38402368618.3556,41039964817.2022,45427738085.8278,49141128640.0203,54222177665.2999,59763616897.298,66800557664.3051,72379221720.7568,78080116822.7653,82817900605.9133,88324028413.8465,97008341944.4487,94461349644.7409,101563701108.546,107410013275.303,115205846027.51,124715934815.189,131156133125.903,150283027293.755,168294479129.897,190838026587.713,209201366034.527,233948318772.002,254762556922.812,274143564695.578,298564929040.036
Thailand,THA,"Population, total",SP.POP.TOTL,63007815,63651141,64266437,64868166,65452047,66017420,66567687,67102394,67619830,68121080,68579447,69007208,69436098,69845114,70216367,70540795,70859841,71160187,71376079,71522271,71641484,71727332,71735329,71702435,71668011,71619863
Thailand,THA,"GNI, PPP (current international $)",NY.GNP.MKTP.PP.CD,450215017860.094,472201144326.541,505261134850.055,549005821362.02,597617322416.727,641230650848.569,699410083452.914,759876291047.441,785895496679.05,786444493703.694,849734455538.193,890774204971.964,968420533274.246,994832050896.099,1023387629410.86,1056458871267.37,1125830947041.56,1194502077418.99,1282200842338.31,1378205800051.44,1345298749138.06,1403863018394.63,1546682195878.23,1650361421478.63,1728216919679.95,1831430314303.2
Timor-Leste,TLS,"Population, total",SP.POP.TOTL,745088,812249,879159,916878,929074,948311,976597,1004889,1032429,1058782,1084679,1110207,1134885,1158695,1181903,1205131,1228312,1251703,1275959,1300945,1326053,1350139,1369295,1384286,1400638,1418517
Timor-Leste,TLS,"GNI, PPP (current international $)",NY.GNP.MKTP.PP.CD,1551855651.71116,1742868158.88783,2015235568.99261,1677286479.76312,1979803654.29531,2487183228.8558,3855821331.78096,5526217609.0317,8702670706.00621,6653559001.37431,7994228264.26367,10078656349.3617,10076094764.8671,8844711134.0688,7793803886.95114,6566674445.40153,5637437871.38031,6174871616.75921,6529265640.66148,8368809018.9999,8906012140.36031,8804790568.21273,7473479392.29011,7343216826.37528,7072499540.67722,7266722873.00786
Togo,TGO,"Population, total",SP.POP.TOTL,4783722,4904144,5027130,5154112,5281320,5413154,5569664,5748443,5936138,6130946,6325788,6500582,6653718,6798848,6937644,7071502,7200884,7324386,7458206,7619925,7788054,7936176,8068616,8223850,8406558,8591626
Togo,TGO,"GNI, PPP (current international $)",NY.GNP.MKTP.PP.CD,6664310683.45214,6869171517.07974,7280798302.13034,7931735567.86449,8040397265.23014,7906918888.53614,8361094130.97359,8515355964.35322,9072895308.84014,9619549225.87473,10297132412.3426,11658914623.5181,11695828981.2396,12549576359.1171,13571212886.4674,14756251021.0889,15298589692.7168,16010179982.2271,17118411210.8192,18803220802.6754,20787235774.4537,23479502746.4005,26708086848.557,29465335173.9885,32139162734.9563,35124181916.2657
Tonga,TON,"Population, total",SP.POP.TOTL,102677,103288,103874,104464,105071,105671,106253,106726,107020,107203,107400,107570,107460,107078,106609,106095,105524,105356,105567,105669,105704,105490,105042,104597,104175,103742
Tonga,TON,"GNI, PPP (current international $)",NY.GNP.MKTP.PP.CD,398647106.570554,410050165.33883,441311484.958439,443938563.108816,449457846.414101,454813888.177702,467949905.8506,467830386.928374,500611922.931961,484683348.834909,495192880.884661,537451982.784972,552712180.941159,561919492.967963,572937329.214886,586521175.845544,634558104.972556,682649947.983094,706965180.742036,728206149.830341,755563873.605943,767840199.445056,801662650.436176,879837928.045964,912762798.711679,958403639.778091
Trinidad and Tobago,TTO,"Population, total",SP.POP.TOTL,1319774,1325567,1332011,1338709,1345380,1294494,1297944,1303188,1308587,1310106,1317714,1328019,1335194,1340557,1345343,1349667,1353895,1356633,1359193,1363985,1366725,1367558,1365805,1367510,1368333,1367764
Trinidad and Tobago,TTO,"GNI, PPP (current international $)",NY.GNP.MKTP.PP.CD,16995641277.0603,18415880524.8069,20355151198.621,23579777694.2875,26981943972.3551,28955538728.4768,33704250729.933,36541985828.014,38537809093.8881,36723879792.2351,38581140384.8478,36695932591.946,38969499958.2759,40222851461.6569,40567697322.844,39895043321.4639,37534881289.5166,38722136791.6568,37830197946.177,38952505850.1377,34688134612.1244,41011981309.7518,38986988362.0318,48234746002.0515,48991473925.8969,49351005188.4137
Tunisia,TUN,"Population, total",SP.POP.TOTL,9764935,9869677,9971515,10071632,10166163,10255472,10346410,10441702,10542635,10650681,10765980,10886035,11009647,11141361,11274288,11402264,11528674,11650498,11765514,11875081,11974057,12048622,12119334,12200431,12277109,12348573
Tunisia,TUN,"GNI, PPP (current international $)",NY.GNP.MKTP.PP.CD,58760611384.8874,62443901889.1776,64275209088.8996,68856375091.0869,74972519565.0184,79175679644.7706,86370580333.3226,94088604844.9442,99610522919.4888,103982581722.674,108552525384.105,108506651045.141,112158068407.435,113861016947.282,119235919556.791,119776016615.589,124009382893.002,128424124617.876,135938260186.201,144509206481.736,138016726344.346,146018858353.125,160673934308.489,166909416204.831,175017526114.842,183566591756.828
Turkiye,TUR,"Population, total",SP.POP.TOTL,65425961,66245128,67048795,67831730,68592617,69329557,70045349,70158112,71051678,72039206,73142150,74223629,75175827,76147624,77181884,78218479,79277962,80312698,81407204,82579440,83384680,84147318,84979913,85325965,85518661,85878556
Turkiye,TUR,"GNI, PPP (current international $)",NY.GNP.MKTP.PP.CD,601134381414.377,582432837770.425,602185815330.545,631397508642.156,728015948620.842,809676727347.233,939532603399.1,1039371401548.09,1135648712668.76,1107212472710.59,1267016483879.41,1450916852312.62,1547490274215.19,1696107320325.07,1850967663946.9,2002959438140.47,2096820386655.84,2248865366334.77,2298779162445.41,2359586456446.9,2406906400635.52,2664487871892.8,3358619575806.9,3647747037660.68,3806381057583.58,3832674632585.32
Turkmenistan,TKM,"Population, total",SP.POP.TOTL,4582677,4675409,4769465,4863865,4958093,5052257,5147105,5244046,5345029,5451592,5564356,5683417,5808546,5939341,6075283,6215770,6360041,6507061,6655524,6803944,6949912,7092043,7230193,7364438,7494498,7618847
Turkmenistan,TKM,"GNI, PPP (current international $)",NY.GNP.MKTP.PP.CD,18586307755.3143,20156547256.8443,20494432391.2687,21802034566.6623,23413713221.7481,25804289730.6464,29788651082.7232,35142196746.6268,40028353496.6104,42351523279.9183,45727179128.3993,52789503109.1209,58031578711.0639,63559766532.2189,68969960120.1894,74409400939.6171,80024241583.6647,82817503585.5768,91601912933.5642,97961663379.7601,102061748559.637,112794710453.487,128245777212.628,140899469881.353,155917924520.06,173939057152.684
Turks and Caicos Islands,TCA,"Population, total",SP.POP.TOTL,18730,19576,20597,21727,22856,23988,25123,26270,27427,28588,29739,30846,32127,33653,35050,36605,38315,39913,41559,43166,44386,45243,45847,46198,46535,46855
Turks and Caicos Islands,TCA,"GNI, PPP (current international $)",NY.GNP.MKTP.PP.CD,..,..,..,..,..,..,..,..,..,..,..,..,..,..,847192737.628191,947293632.381773,1102029707.74853,1203381548.28246,1291866122.12952,1318165029.65965,867142875.851411,1138398238.49354,1369665840.34174,1636624027.39293,1744957466.36173,..
Tuvalu,TUV,"Population, total",SP.POP.TOTL,9544,9586,9623,9695,9816,9940,10056,10182,10321,10461,10614,10780,10934,11001,10984,10963,10930,10869,10751,10581,10399,10194,9992,9816,9646,9492
Tuvalu,TUV,"GNI, PPP (current international $)",NY.GNP.MKTP.PP.CD,38514073.2986398,46212666.6195609,57527951.7561236,40728279.9383353,45217255.2121426,45513201.4971772,45658262.4443205,54029959.2541635,53947237.9125578,55343076.8493028,50232019.736496,51343032.0099192,44692338.721797,55418336.5516417,49541060.7031473,64099226.509523,63864306.1814183,63822634.7855111,69159763.5252353,73653398.3448336,73435999.62722,75870816.8596643,74476438.8822259,77066772.3605387,85055856.9254156,104445864.24913
Uganda,UGA,"Population, total",SP.POP.TOTL,24000150,24745676,25532870,26352124,27154515,27963289,28794003,29653430,30539553,31451151,32390802,33354543,34337438,35337042,36395539,37531446,38799152,40177388,41565831,42999637,44457152,45910930,47312719,48656601,50015092,51384894
Uganda,UGA,"GNI, PPP (current international $)",NY.GNP.MKTP.PP.CD,26691305503.7023,28463850421.1665,31613732908.1017,34344913233.6988,37520856143.6121,41085455103.6922,47053810368.0117,52582488731.6191,58301458169.6533,62342139983.744,66623634144.4397,74468592859.5027,68297945479.2269,70655723558.0964,75889780165.6843,80598864466.3894,82538604596.4604,84660191361.7852,93401234175.8347,102190328109.926,110270809531.468,120571390981.291,135153393429.628,147037639299.458,159423226776.87,175122628397.378
Ukraine,UKR,"Population, total",SP.POP.TOTL,49556660,49106855,48677281,48315136,47979507,47585556,47278694,47062798,46819175,46623731,46456003,46307853,46210056,46126770,45972380,45784896,45616832,45436041,45208907,44957458,44680014,44298640,41048766,37732836,37860221,38980376
Ukraine,UKR,"GNI, PPP (current international $)",NY.GNP.MKTP.PP.CD,196223860078.455,221441200331.199,237061600460.607,265327384212.935,305529918792.513,324318891887.716,357151863098.1,400085858326.92,413855748769.112,351982871967.733,378104057617.89,401845866680.09,436604653738.995,495612646110.555,453348694759.919,449239721496.96,474782135855.741,503730262075.806,542425697722.942,611906063612.544,670442390848.848,724798384656.189,599442847473.874,640831429709.721,661438495351.984,684625493390.847
United Arab Emirates,ARE,"Population, total",SP.POP.TOTL,3493575,3723590,3956826,4192457,4428967,4664790,5009100,5624635,6302664,6707058,6869838,7104538,7391448,7693031,8059440,8505237,8935095,9223225,9346701,9445785,9401038,9575152,10074977,10483751,10986400,11513149
United Arab Emirates,ARE,"GNI, PPP (current international $)",NY.GNP.MKTP.PP.CD,340390040453.881,352997951305.943,352982660852.883,388201603871.219,439060867233.029,480101135723.55,546454760516.763,585445526661.118,603601171891.198,574488550546.555,584602189724.082,637274175744.033,659805373765.743,674103471851.972,706105730169.77,632140083212.974,628775365398.904,652691561463.537,726208372710.248,757509469647.24,624598521411.545,655522356651.398,756305988158.052,840821915351.898,896971562097.3,..
United Kingdom,GBR,"Population, total",SP.POP.TOTL,58892514,59119673,59370479,59647577,59987905,60401206,60846820,61322463,61806995,62276270,62766365,63258810,63711000,64138000,64619000,65087000,65606000,65964000,66287000,66628000,66740000,66978000,67636000,68526000,69281000,69487000
United Kingdom,GBR,"GNI, PPP (current international $)",NY.GNP.MKTP.PP.CD,1572744231741.18,1665435655553.01,1751667326204.53,1834817682288.97,1945059833234.48,2003576783551.6,2113434485530.55,2168409948907.28,2253393587775.82,2178862235372.86,2301319822391.28,2375023369383.56,2431103680836.45,2527877822014.59,2636995950999.65,2723621798250.24,2843470040066.63,3030698173096.45,3115110351105.26,3360937185010.42,3182737364678.95,3472372461259.24,4078359063450.09,4095927253904.52,4310824463640.17,4461603259091.79
United States,USA,"Population, total",SP.POP.TOTL,282162411,284968955,287625193,290107933,292805298,295516599,298379912,301231207,304093966,306771529,309378227,311839461,314339099,316726282,319257560,321815121,324353340,326608609,328529577,330226227,331578104,332100166,333996304,336755052,340003797,341784857
United States,USA,"GNI, PPP (current international $)",NY.GNP.MKTP.PP.CD,10385197000000,10749023000000,11056572000000,11539140000000,12322009000000,13170993000000,14071835000000,14557597000000,14723881000000,14436590000000,15185160000000,15861958000000,16640301000000,17140708000000,17984237000000,18608138000000,18983369000000,19837150000000,20883383000000,21764838000000,21466292000000,23838657000000.1,26207041000000,27571321999999.9,28993442999999.9,30585823000000
Uruguay,URY,"Population, total",SP.POP.TOTL,3266206,3274251,3278867,3281186,3283148,3285771,3289506,3295153,3302177,3310091,3318580,3326825,3335401,3345337,3356334,3368017,3379283,3388438,3394534,3397206,3398968,3396695,3390913,3388081,3386588,3384688
Uruguay,URY,"GNI, PPP (current international $)",NY.GNP.MKTP.PP.CD,35593786420.7326,34983636007.3928,33074871036.9145,32430008208.5657,34879286751.785,39237749357.1434,42394747958.3546,46408278232.3841,50315012571.8289,52632245034.2606,57187124000.0038,61598786878.5658,60406396524.6273,65665517316.0693,68934876504.9747,71495545532.6973,73612478086.266,75613023866.469,78135505303.1426,83299174637.921,82722431150.2294,89932324120.4473,101692014856.159,109104242031.34,116385579771.339,122964562744.347
Uzbekistan,UZB,"Population, total",SP.POP.TOTL,24787054,25090283,25399980,25711259,26029350,26356975,26699043,27076008,27494774,27939328,28385506,28823196,29261903,29724065,30222994,30749346,31284568,31819178,32373490,32964701,33586372,34243696,34938955,35652307,36361859,37053428
Uzbekistan,UZB,"GNI, PPP (current international $)",NY.GNP.MKTP.PP.CD,72027629293.3131,76581164171.3714,81069351440.3385,86427268469.2662,95958425153.9474,106058092315.264,117135487886.191,136915458470.375,154198285222.786,163389440166.712,176722726253.29,195305012746.127,203466941091.167,218524850128.195,228364230946.084,240118577882.734,248095405236.268,262274752260.435,281672484505.093,296776030742.108,300285076442.621,333818871123.002,381721930603.236,420221230625.235,459501776727.166,505247547353.934
Vanuatu,VUT,"Population, total",SP.POP.TOTL,186281,191031,195863,200746,205711,210760,215923,221276,226896,232731,238248,243474,248883,254482,260240,266101,272087,278507,285259,291985,298858,305868,313046,320409,327777,335169
Vanuatu,VUT,"GNI, PPP (current international $)",NY.GNP.MKTP.PP.CD,448292347.675679,455864715.928207,427787608.635614,454167366.403419,482528795.379265,517035494.431601,588894258.195703,621029220.244111,695495679.409409,699696655.25341,720577343.798626,763578924.852425,762410646.16497,820229606.443651,881334394.839715,922725959.468917,970470002.869715,1050109934.13687,1142189180.34621,1222188995.29322,1147522426.30083,1248454722.3804,1419149365.65419,1468643749.51063,1532648761.46721,1665501812.02768
"Venezuela, RB",VEN,"Population, total",SP.POP.TOTL,24526708,24979922,25435671,25892703,26340838,26785804,27224686,27649363,28053696,28438298,28813101,29185212,29553826,29912198,30254079,30573972,30765720,30565323,29807592,28938098,28444077,28237826,28213017,28300854,28405543,28516896
"Venezuela, RB",VEN,"GNI, PPP (current international $)",NY.GNP.MKTP.PP.CD,345064516485.99,363494419116.301,333288314762.326,314421623318.431,380117042884.688,437729008153.735,499816059745.556,565892356680.031,602758619643.499,582922153227.694,578612441633.9,608356697545.185,..,..,..,..,..,..,..,..,..,..,..,..,..,..
Viet Nam,VNM,"Population, total",SP.POP.TOTL,77154011,77969361,78772224,79563777,80338971,81088313,82167897,83633375,85175788,86460018,87455152,88468314,89510356,90573104,91679578,92823254,94000117,95176977,96237319,97173776,98079191,98935098,99680655,100352192,100987686,101598527
Viet Nam,VNM,"GNI, PPP (current international $)",NY.GNP.MKTP.PP.CD,199414106870.681,216694930656.7,233437769524.516,254540137547.845,280448977419.195,311165874438.387,342286199379.687,374646043706.999,402928818710.956,422707398307.174,456692413944.625,497552154232.623,552611427110.445,591114739558.674,643626834554.391,675964750828.809,743900376751.093,820021816285.019,914187294043.872,1017913175806.38,1089957330437.95,1131072479989.59,1319102385532.66,1430563116070.54,1600452078876.74,1786022723580.5
Virgin Islands (U.S.),VIR,"Population, total",SP.POP.TOTL,108642,108549,108509,108505,108466,108453,108369,108337,108397,108404,108357,108290,108188,108041,107882,107712,107516,107281,107001,106669,106290,105870,105413,104917,104377,103792
Virgin Islands (U.S.),VIR,"GNI, PPP (current international $)",NY.GNP.MKTP.PP.CD,..,..,..,..,..,..,..,..,..,..,..,..,..,..,..,..,..,..,..,..,..,..,..,..,..,..
West Bank and Gaza,PSE,"Population, total",SP.POP.TOTL,2922153,2997784,3075373,3154969,3236626,3320396,3406334,3494496,3591977,3689099,3786161,3882986,3979998,4076708,4173398,4270092,4367088,4454805,4569087,4685306,4803269,4922749,5043612,5165775,5289152,5413596
West Bank and Gaza,PSE,"GNI, PPP (current international $)",NY.GNP.MKTP.PP.CD,9039693041.6234,8112847786.76129,7094244061.46793,8248849166.3663,10215550128.987,11923103698.4022,12287392559.5538,13284286720.8147,14505579644.1765,15487617552.5405,16523056397.0779,18568276886.8443,22144601516.5245,23322052502.3125,24839947465.7724,27657931279.8671,29731907745.5068,30795008308.533,33262172484.9987,35224760156.3895,33201238941.2151,33462218519.5544,38422219588.0579,38211414328.5027,26540394863.6385,28766838283.625
"Yemen, Rep.",YEM,"Population, total",SP.POP.TOTL,19624141,20226147,20835086,21456379,22095167,22790085,23543083,24318082,25111941,25927724,26754387,27582897,28433647,29312952,30226309,31159379,32109010,33090921,34085182,35111408,36134863,37140230,38222876,39390799,40583164,41773878
"Yemen, Rep.",YEM,"GNI, PPP (current international $)",NY.GNP.MKTP.PP.CD,47353041773.0518,50816404151.7566,53267372172.6557,55705695710.9066,58829115469.1908,64117551647.6166,70576704431.61,75099927134.8549,78593496115.2597,84304877871.4056,90723652039.0268,79742575752.6669,81652538392.2555,88588684668.5626,..,..,..,..,..,..,..,..,..,..,..,..
Zambia,ZMB,"Population, total",SP.POP.TOTL,10017631,10325185,10647949,10983595,11338198,11718819,12129553,12565085,13021324,13490389,13965594,14437796,14913629,15398997,15895315,16399089,16914423,17441320,17973569,18513839,19059395,19603607,20152938,20723965,21314956,21913874
Zambia,ZMB,"GNI, PPP (current international $)",NY.GNP.MKTP.PP.CD,16373191373.8638,17688643415.7243,18858981272.4182,20709889342.6061,21944073636.3271,23965395504.4922,26201821109.9482,28572878466.5087,32508379358.1488,37692144303.7023,40351133308.2133,44313413076.5895,48727848193.1921,51352538032.7256,53588354307.556,53655225404.5101,54313051730.9539,56537327477.793,60912388723.8103,61182014407.4613,57605371746.4404,63361858944.3591,73107643246.2263,79445702785.8766,80192152253.1064,87437580474.8191
Zimbabwe,ZWE,"Population, total",SP.POP.TOTL,11892055,11971901,12087653,12232323,12365896,12483432,12636445,12804058,12959149,13142790,13356548,13595424,13817887,14013808,14207359,14399013,14600294,14812482,15034452,15271368,15526888,15797210,16069056,16340822,16634373,16950795
Zimbabwe,ZWE,"GNI, PPP (current international $)",NY.GNP.MKTP.PP.CD,34793472495.9826,36695303119.474,34607133512.4176,29666370573.5528,27784285656.913,27114158513.4639,26160188398.2216,24965409199.5698,18717145343.8538,28561423150.58,34372564260.455,39744116461.5221,46412079139.7839,51360406626.9162,53663569853.248,57223234352.7814,58892084310.8043,155264283401.461,59210569113.421,62881339475.7982,64005154552.9251,75064686477.4582,85334737316.734,93783520307.0333,97698489620.4739,108380659316.16
,,,,,,,,,,,,,,,,,,,,,,,,,,,,,
,,,,,,,,,,,,,,,,,,,,,,,,,,,,,
,,,,,,,,,,,,,,,,,,,,,,,,,,,,,
Data from database: World Development Indicators,,,,,,,,,,,,,,,,,,,,,,,,,,,,,
Last Updated: 07/13/2026,,,,,,,,,,,,,,,,,,,,,,,,,,,,,
